{
    "split2": [
        3.401197381662154,
        3.6888794541139402,
        3.912023005428145,
        4.094344562222102,
        4.248495242049361,
        4.382026634673871,
        4.499809670330272,
        4.605170185988082,
        4.700480365792416,
        4.787491742782056
    ],
    "split3": [
        3.401197381662154,
        3.6888794541139402,
        3.912023005428145,
        4.094344562222102,
        4.248495242049361,
        4.382026634673871,
        4.499809670330272,
        4.605170185988082,
        4.700480365792416,
        4.787491742782056
    ],
    "split4": [
        3.401197381662154,
        3.6888794541139402,
        3.912023005428145,
        4.094344562222102,
        4.248495242049361,
        4.382026634673871,
        4.499809670330272,
        4.605170185988082,
        4.700480365792416,
        4.787491742782056
    ],
    "split5": [
        3.401197381662154,
        3.6888794541139402,
        3.912023005428145,
        4.094344562222102,
        4.248495242049361,
        4.382026634673871,
        4.499809670330272,
        4.605170185988082,
        4.700480365792416,
        4.787491742782056
    ],
    "split6": [
        3.401197381662154,
        3.6888794541139402,
        3.912023005428145,
        4.094344562222102,
        4.248495242049361,
        4.382026634673871,
        4.499809670330272,
        4.605170185988082,
        4.700480365792416,
        4.787491742782056
    ],
    "split7": [
        3.401197381662154,
        3.6888794541139402,
        3.912023005428145,
        4.094344562222102,
        4.248495242049361,
        4.382026634673871,
        4.499809670330272,
        4.605170185988082,
        4.700480365792416,
        4.787491742782056
    ],
    "split8": [
        3.2299724645983474,
        3.5123657506102552,
        3.7322789629196587,
        3.912422084536484,
        4.06500412487266,
        4.1973519427521016,
        4.314210115532666,
        4.418827973474129,
        4.5135286618674835,
        4.600030828696388
    ],
    "split12": [
        3.401197381662154,
        3.6888794541139402,
        3.912023005428145,
        4.094344562222102,
        4.248495242049361,
        4.382026634673871,
        4.499809670330272,
        4.605170185988082,
        4.700480365792416,
        4.787491742782056
    ],
    "split13": [
        3.2796594531769663,
        3.565000842772143,
        3.786747029808795,
        3.9681399627045426,
        4.12162879056124,
        4.25466458934656,
        4.372062635044664,
        4.477115456382803,
        4.572174083254191,
        4.658975968308209
    ],
    "split14": [
        3.302998659869512,
        3.6015297729262956,
        3.815074692620376,
        4.00447529558405,
        4.152115238081839,
        4.290901319892355,
        4.403753568107509,
        4.513292484421788,
        4.604633381957576,
        4.695112977257969
    ],
    "split15": [
        3.363066684354745,
        3.645769057128792,
        3.8657263258516137,
        4.053429814783825,
        4.205089971732585,
        4.3366859621452,
        4.457968170083429,
        4.5616662124830745,
        4.655582544216176,
        4.745187197665308
    ],
    "split16": [
        3.3508635990200157,
        3.635931186846736,
        3.8575956720872684,
        4.039759934360053,
        4.193015246208304,
        4.3259136275814685,
        4.443795226957152,
        4.548670733538432,
        4.643605056779419,
        4.730760155239763
    ],
    "split17": [
        3.352820062955234,
        3.6373689055145046,
        3.86041088306976,
        4.04112957970536,
        4.195468801255736,
        4.327958176202238,
        4.445990414931743,
        4.550589283469834,
        4.646153991037946,
        4.73256907153254
    ],
    "split18": [
        3.3500663853720662,
        3.6354328305025727,
        3.857247446219639,
        4.039379262061368,
        4.192719859763396,
        4.325675988589587,
        4.443545601149289,
        4.548460938440963,
        4.643425588301549,
        4.730574516822787
    ],
    "split19": [
        3.3608304085715037,
        3.6464610503240458,
        3.868360888167305,
        4.049848113028854,
        4.2034003508884075,
        4.336481569326437,
        4.4539136822177126,
        4.558992967719351,
        4.654072726985676,
        4.740891865882059
    ],
    "split20": [
        3.361952558682831,
        3.6516513354423155,
        3.8722472076878462,
        4.052873662775624,
        4.20855285134507,
        4.340803621281678,
        4.457597715025921,
        4.564118481016855,
        4.658591023600662,
        4.744909488189989
    ],
    "split21": [
        3.3857799386498426,
        3.6691000298330714,
        3.893938881808764,
        4.073888360344182,
        4.2293094015036825,
        4.3612290291323195,
        4.480022330733795,
        4.584166782973862,
        4.680314164665458,
        4.766350745596447
    ],
    "split22": [
        3.401197381662154,
        3.6888794541139402,
        3.912023005428145,
        4.094344562222102,
        4.248495242049361,
        4.382026634673871,
        4.499809670330272,
        4.605170185988082,
        4.700480365792416,
        4.787491742782056
    ],
    "split23": [
        3.401197381662154,
        3.6888794541139402,
        3.912023005428145,
        4.094344562222102,
        4.248495242049361,
        4.382026634673871,
        4.499809670330272,
        4.605170185988082,
        4.700480365792416,
        4.787491742782056
    ],
    "split24": [
        3.401197381662154,
        3.6888794541139402,
        3.912023005428145,
        4.094344562222102,
        4.248495242049361,
        4.382026634673871,
        4.499809670330272,
        4.605170185988082,
        4.700480365792416,
        4.787491742782056
    ]
}