{
    "split2": [
        0.6931471805599454,
        0.6931471805599454,
        0.6931471805599457,
        0.6931471805599451,
        0.693147180559946,
        0.6931471805599452,
        0.6931471805599442,
        0.6931471805599438,
        0.6931471805599443,
        0.6931471805599447
    ],
    "split3": [
        0.6931471805599454,
        0.6931471805599454,
        0.6931471805599457,
        0.6931471805599451,
        0.693147180559946,
        0.6931471805599452,
        0.6931471805599442,
        0.6931471805599438,
        0.6931471805599443,
        0.6931471805599447
    ],
    "split4": [
        0.6931471805599454,
        0.693147180559945,
        0.6931471805599458,
        0.6931471805599454,
        0.6931471805599443,
        0.6931471805599441,
        0.6931471805599451,
        0.6931471805599441,
        0.6931471805599472,
        0.6931471805599466
    ],
    "split5": [
        0.0,
        0.0,
        0.0,
        0.0,
        0.0,
        0.0,
        0.0,
        0.0,
        0.0,
        0.0
    ],
    "split6": [
        0.6931471805599454,
        0.693147180559945,
        0.6931471805599458,
        0.6931471805599454,
        0.6931471805599443,
        0.6931471805599441,
        0.6931471805599451,
        0.6931471805599441,
        0.6931471805599472,
        0.6931471805599466
    ],
    "split7": [
        0.48211640433549713,
        0.48678967667444345,
        0.4895321849684587,
        0.49133415273276787,
        0.4926080343778618,
        0.49355605210318243,
        0.4942889369080689,
        0.4948723876216324,
        0.49534783982472314,
        0.49574271500473316
    ],
    "split8": [
        0.6931471805599453,
        0.6931471805599453,
        0.6931471805599454,
        0.6931471805599454,
        0.6931471805599453,
        0.6931471805599452,
        0.6931471805599454,
        0.6931471805599453,
        0.6931471805599453,
        0.6931471805599453
    ],
    "split12": [
        0.693147180559945,
        0.6931471805599451,
        0.693147180559945,
        0.6931471805599442,
        0.6931471805599443,
        0.6931471805599461,
        0.6931471805599458,
        0.693147180559945,
        0.6931471805599446,
        0.6931471805599452
    ],
    "split13": [
        0.6931471805599456,
        0.6931471805599453,
        0.6931471805599455,
        0.6931471805599453,
        0.6931471805599455,
        0.6931471805599447,
        0.6931471805599463,
        0.6931471805599454,
        0.693147180559945,
        0.6931471805599441
    ],
    "split14": [
        0.6931471805599456,
        0.6931471805599451,
        0.6931471805599454,
        0.6931471805599451,
        0.6931471805599453,
        0.6931471805599461,
        0.6931471805599444,
        0.693147180559946,
        0.6931471805599456,
        0.6931471805599462
    ],
    "split15": [
        0.6931471805599451,
        0.6931471805599455,
        0.6931471805599444,
        0.6931471805599452,
        0.6931471805599463,
        0.693147180559945,
        0.6931471805599455,
        0.6931471805599444,
        0.6931471805599447,
        0.6931471805599456
    ],
    "split16": [
        0.6931471805599454,
        0.6931471805599451,
        0.693147180559945,
        0.6931471805599458,
        0.6931471805599447,
        0.6931471805599466,
        0.6931471805599455,
        0.6931471805599443,
        0.6931471805599454,
        0.6931471805599448
    ],
    "split17": [
        0.6931471805599454,
        0.693147180559945,
        0.6931471805599453,
        0.6931471805599455,
        0.693147180559946,
        0.6931471805599456,
        0.6931471805599453,
        0.693147180559946,
        0.6931471805599452,
        0.693147180559943
    ],
    "split18": [
        0.3535939957706692,
        0.36476255906215266,
        0.37128320233951073,
        0.3500721217946305,
        0.35697614937763206,
        0.3620790164166355,
        0.3489033142248885,
        0.3538579552358472,
        0.35787103960674926,
        0.34831989195221225
    ],
    "split19": [
        0.22233022772677494,
        0.22454063595603863,
        0.22585694647458893,
        0.22673038616446814,
        0.22735227522366208,
        0.2278176047994227,
        0.22817888552594476,
        0.22846750644154606,
        0.2287033844487128,
        0.22889976660351674
    ],
    "split20": [
        0.6931471805599451,
        0.6931471805599453,
        0.6931471805599455,
        0.6931471805599456,
        0.6931471805599455,
        0.693147180559945,
        0.6931471805599457,
        0.6931471805599462,
        0.6931471805599461,
        0.6931471805599448
    ],
    "split21": [
        0.2069934053369442,
        0.2643175626155101,
        0.23485100176294488,
        0.2670732864041799,
        0.24604893567753686,
        0.2684150253591951,
        0.25208992645702794,
        0.2692070653244282,
        0.25586885150621325,
        0.2697292227711308
    ],
    "split22": [
        0.693147180559945,
        0.6931471805599455,
        0.6931471805599446,
        0.6931471805599457,
        0.693147180559946,
        0.6931471805599451,
        0.6931471805599438,
        0.6931471805599458,
        0.6931471805599446,
        0.6931471805599464
    ],
    "split23": [
        0.6640094047735481,
        0.6578614216542258,
        0.6655316988237635,
        0.6644668532690349,
        0.6609960494632221,
        0.6652445890221235,
        0.6645516062536782,
        0.6621466567034421,
        0.6650918683943198,
        0.6645812727909697
    ],
    "split24": [
        0.693147180559945,
        0.6931471805599446,
        0.6931471805599455,
        0.6931471805599461,
        0.6931471805599464,
        0.6931471805599456,
        0.6931471805599455,
        0.6931471805599463,
        0.6931471805599445,
        0.6931471805599466
    ]
}