{
    "split2": [
        0.4821164043354971,
        0.4867896766744435,
        0.4895321849684587,
        0.4913341527327679,
        0.492608034377862,
        0.4935560521031824,
        0.49428893690806885,
        0.49487238762163277,
        0.49534783982472314,
        0.4957427150047333
    ],
    "split3": [
        0.6925525323607236,
        0.6928184134311288,
        0.6929389195380602,
        0.6930035367960182,
        0.6930421569294495,
        0.6930670630541885,
        0.6930840558886792,
        0.693096164489864,
        0.6931050959699089,
        0.6931118719034345
    ],
    "split4": [
        0.0,
        0.0,
        0.0,
        0.0,
        0.0,
        0.0,
        0.0,
        0.0,
        0.0,
        0.0
    ],
    "split5": [
        0.693147180559945,
        0.6931471805599451,
        0.693147180559945,
        0.6931471805599442,
        0.6931471805599443,
        0.6931471805599461,
        0.6931471805599458,
        0.693147180559945,
        0.6931471805599446,
        0.6931471805599452
    ],
    "split6": [
        0.4885181442152498,
        0.49160251159459045,
        0.4933868143078197,
        0.49454835810084774,
        0.4953641276132564,
        0.4959682455986002,
        0.49643348734521486,
        0.49680272991889124,
        0.49710286457102193,
        0.49735160621810975
    ],
    "split7": [
        0.6931471805599445,
        0.6931471805599453,
        0.6931471805599451,
        0.6931471805599452,
        0.6931471805599453,
        0.6931471805599452,
        0.6931471805599454,
        0.6931471805599454,
        0.6931471805599454,
        0.6931471805599454
    ],
    "split8": [
        0.6931471805599452,
        0.693147180559945,
        0.6931471805599451,
        0.6931471805599453,
        0.6931471805599453,
        0.6931471805599451,
        0.6931471805599452,
        0.6931471805599452,
        0.6931471805599453,
        0.6931471805599452
    ],
    "split12": [
        0.0,
        0.0,
        0.0,
        0.0,
        0.0,
        0.0,
        0.0,
        0.0,
        0.0,
        0.0
    ],
    "split13": [
        0.46781419466554874,
        0.47028781805735564,
        0.47174543538837915,
        0.47270636791556725,
        0.4733875299528409,
        0.4738955768544149,
        0.4742890632299404,
        0.47460281185022174,
        0.47485883052318634,
        0.4750717104255533
    ],
    "split14": [
        0.5318706109041678,
        0.5445098049955225,
        0.5419355560428128,
        0.5483149787920369,
        0.5459825366015496,
        0.5501592694424411,
        0.5481666823369941,
        0.5512478476712707,
        0.5495335499948157,
        0.5519662144269533
    ],
    "split15": [
        0.5777738668660084,
        0.5773751353887324,
        0.5771368165993198,
        0.5833385948815027,
        0.5823257794380724,
        0.5815643833316771,
        0.5851012508647216,
        0.584226905608928,
        0.5835088279401961,
        0.5859661745521715
    ],
    "split16": [
        0.33768708796510166,
        0.35287492828506295,
        0.3618009009249627,
        0.34218658280807435,
        0.35022173333555107,
        0.356173966742022,
        0.3436612071683761,
        0.34914080205982434,
        0.3535840895316819,
        0.3443938821650042
    ],
    "split17": [
        0.47560976131988436,
        0.45684700536905487,
        0.4702451253164087,
        0.45862369841560335,
        0.467930588535239,
        0.45950206351726747,
        0.4666403692629433,
        0.46002593149269927,
        0.4658176281474114,
        0.4603738736554853
    ],
    "split18": [
        0.684373165616148,
        0.6864269170365117,
        0.6877083622294835,
        0.6887877643300072,
        0.6893612150766878,
        0.6898032589445634,
        0.6902469831517455,
        0.6905122292921618,
        0.6907338039004907,
        0.6909743053857773
    ],
    "split19": [
        0.6931471805599448,
        0.693147180559945,
        0.6931471805599447,
        0.6931471805599442,
        0.6931471805599443,
        0.6931471805599453,
        0.6931471805599461,
        0.6931471805599453,
        0.6931471805599467,
        0.6931471805599472
    ],
    "split20": [
        0.5499349531715271,
        0.5677907755650616,
        0.5585243755494591,
        0.5522636072754031,
        0.5621094525717704,
        0.5570183881658717,
        0.5530230874548353,
        0.5598343856726283,
        0.5563352936699257,
        0.553399765124473
    ],
    "split21": [
        0.693147180559945,
        0.6931471805599453,
        0.6931471805599451,
        0.6931471805599457,
        0.6931471805599455,
        0.6931471805599421,
        0.693147180559942,
        0.6931471805599444,
        0.6931471805599446,
        0.6931471805599472
    ],
    "split22": [
        0.6931471805599457,
        0.6931471805599464,
        0.6931471805599458,
        0.6931471805599464,
        0.6931471805599444,
        0.693147180559944,
        0.6931471805599471,
        0.6931471805599465,
        0.6931471805599428,
        0.6931471805599424
    ],
    "split23": [
        0.6931471805599457,
        0.6931471805599456,
        0.6931471805599455,
        0.6931471805599461,
        0.6931471805599467,
        0.6931471805599446,
        0.6931471805599463,
        0.6931471805599434,
        0.693147180559944,
        0.6931471805599447
    ],
    "split24": [
        0.6931471805599457,
        0.6931471805599451,
        0.6931471805599458,
        0.6931471805599464,
        0.6931471805599465,
        0.693147180559944,
        0.6931471805599471,
        0.693147180559943,
        0.6931471805599428,
        0.6931471805599424
    ]
}