{
    "split2": [
        3.401197381662154,
        3.6888794541139402,
        3.912023005428145,
        4.094344562222102,
        4.248495242049361,
        4.382026634673871,
        4.499809670330272,
        4.605170185988082,
        4.700480365792416,
        4.787491742782056
    ],
    "split3": [
        3.401197381662154,
        3.6888794541139402,
        3.912023005428145,
        4.094344562222102,
        4.248495242049361,
        4.382026634673871,
        4.499809670330272,
        4.605170185988082,
        4.700480365792416,
        4.787491742782056
    ],
    "split4": [
        3.401197381662154,
        3.6888794541139402,
        3.912023005428145,
        4.094344562222102,
        4.248495242049361,
        4.382026634673871,
        4.499809670330272,
        4.605170185988082,
        4.700480365792416,
        4.787491742782056
    ],
    "split5": [
        2.70805020110221,
        2.995732273553991,
        3.2188758248681983,
        3.401197381662154,
        3.5553480614894135,
        3.6888794541139402,
        3.8066624897703174,
        3.912023005428145,
        4.007333185232473,
        4.094344562222102
    ],
    "split6": [
        3.401197381662154,
        3.6888794541139402,
        3.912023005428145,
        4.094344562222102,
        4.248495242049361,
        4.382026634673871,
        4.499809670330272,
        4.605170185988082,
        4.700480365792416,
        4.787491742782056
    ],
    "split7": [
        3.190166605437707,
        3.4825219502284344,
        3.708408009836659,
        3.8925315343949216,
        4.047956095867275,
        4.182435506217119,
        4.300951426678387,
        4.40689539304978,
        4.502681025057194,
        4.590087277226835
    ],
    "split8": [
        3.2299724645983474,
        3.5123657506102552,
        3.7322789629196587,
        3.912422084536484,
        4.06500412487266,
        4.1973519427521016,
        4.314210115532666,
        4.418827973474129,
        4.5135286618674835,
        4.600030828696388
    ],
    "split12": [
        3.401197381662154,
        3.6888794541139402,
        3.912023005428145,
        4.094344562222102,
        4.248495242049361,
        4.382026634673871,
        4.499809670330272,
        4.605170185988082,
        4.700480365792416,
        4.787491742782056
    ],
    "split13": [
        3.2796594531769663,
        3.565000842772143,
        3.786747029808795,
        3.9681399627045426,
        4.12162879056124,
        4.25466458934656,
        4.372062635044664,
        4.477115456382803,
        4.572174083254191,
        4.658975968308209
    ],
    "split14": [
        3.302998659869512,
        3.6015297729262956,
        3.815074692620376,
        4.00447529558405,
        4.152115238081839,
        4.290901319892355,
        4.403753568107509,
        4.513292484421788,
        4.604633381957576,
        4.695112977257969
    ],
    "split15": [
        3.363066684354745,
        3.645769057128792,
        3.8657263258516137,
        4.053429814783825,
        4.205089971732585,
        4.3366859621452,
        4.457968170083429,
        4.5616662124830745,
        4.655582544216176,
        4.745187197665308
    ],
    "split16": [
        3.3508635990200157,
        3.635931186846736,
        3.8575956720872684,
        4.039759934360053,
        4.193015246208304,
        4.3259136275814685,
        4.443795226957152,
        4.548670733538432,
        4.643605056779419,
        4.730760155239763
    ],
    "split17": [
        3.352820062955234,
        3.6373689055145046,
        3.86041088306976,
        4.04112957970536,
        4.195468801255736,
        4.327958176202238,
        4.445990414931743,
        4.550589283469834,
        4.646153991037946,
        4.73256907153254
    ],
    "split18": [
        2.995652156048235,
        3.295793233203605,
        3.5263331685624166,
        3.688859676284881,
        3.8501333075677207,
        3.9889732422238047,
        4.094335808848408,
        4.204685606709534,
        4.304059351213172,
        4.3820217211921
    ],
    "split19": [
        2.890013455738334,
        3.1778545057201386,
        3.4010706540819484,
        3.5834313186333673,
        3.737605445552125,
        3.8711519935659076,
        3.98894538718371,
        4.094313293600943,
        4.189628930874451,
        4.276644451925632
    ],
    "split20": [
        3.361952558682831,
        3.6516513354423155,
        3.8722472076878462,
        4.052873662775624,
        4.20855285134507,
        4.340803621281678,
        4.457597715025921,
        4.564118481016855,
        4.658591023600662,
        4.744909488189989
    ],
    "split21": [
        2.899626163426842,
        3.240270411888635,
        3.4356427030117653,
        3.647814466188416,
        3.782211156621278,
        3.936496873931569,
        4.038965076630886,
        4.160226667738347,
        4.243035835611745,
        4.342932787807629
    ],
    "split22": [
        3.401197381662154,
        3.6888794541139402,
        3.912023005428145,
        4.094344562222102,
        4.248495242049361,
        4.382026634673871,
        4.499809670330272,
        4.605170185988082,
        4.700480365792416,
        4.787491742782056
    ],
    "split23": [
        3.3720596058757573,
        3.6535936952082175,
        3.884407523691964,
        4.06566423493119,
        4.216344110952636,
        4.354124043136057,
        4.471214096023999,
        4.5741696621315855,
        4.672425053626792,
        4.758925835013072
    ],
    "split24": [
        3.401197381662154,
        3.6888794541139402,
        3.912023005428145,
        4.094344562222102,
        4.248495242049361,
        4.382026634673871,
        4.499809670330272,
        4.605170185988082,
        4.700480365792416,
        4.787491742782056
    ]
}