{
    "split2": [
        4.75359019110632,
        5.049856007249726,
        5.278114659230762,
        5.463831805025466,
        5.620400865716762,
        5.755742213587774,
        5.874930730852746,
        5.9814142112538455,
        6.077642243349054,
        6.165417854230039
    ],
    "split3": [
        4.75359019110632,
        5.049856007249726,
        5.278114659230762,
        5.463831805025466,
        5.620400865716762,
        5.755742213587774,
        5.874930730852746,
        5.9814142112538455,
        6.077642243349054,
        6.165417854230039
    ],
    "split4": [
        4.025351690735135,
        4.3307333402862795,
        4.564348191467764,
        4.753590191106543,
        4.912654885736306,
        5.049856007249834,
        5.1704839950379196,
        5.278114659230373,
        5.375278407683993,
        5.463831805026012
    ],
    "split5": [
        2.7080502011021994,
        2.995732273554017,
        3.218875824868237,
        3.4011973816621905,
        3.5553480614894113,
        3.6888794541139402,
        3.8066624897701904,
        3.9120230054280625,
        4.007333185232595,
        4.0943445622219246
    ],
    "split6": [
        4.718498871295044,
        5.023880520846264,
        5.257495372027911,
        5.446737371666573,
        5.6058020662956585,
        5.743003187809228,
        5.863631175599148,
        5.971261839791058,
        6.068425588244839,
        6.156978985586352
    ],
    "split7": [
        3.8494122343219583,
        4.150351322804018,
        4.3813524830790795,
        4.568871596638332,
        4.726714538975013,
        4.863003904569968,
        4.9829253066401735,
        5.089992237756638,
        5.186695722053465,
        5.274866208116049
    ],
    "split8": [
        4.265569479285911,
        4.558540338177588,
        4.78491422849655,
        4.9694142204676375,
        5.125133539785948,
        5.259848507155627,
        5.378556405687829,
        5.4846595790619475,
        5.580579250277331,
        5.66809983742754
    ],
    "split12": [
        4.0943445622220835,
        4.3820266346739665,
        4.605170185987992,
        4.787491742782153,
        4.941642422609168,
        5.075173815233765,
        5.192956850890748,
        5.2983173665477885,
        5.393627546351818,
        5.480638923342699
    ],
    "split13": [
        4.540505342769531,
        4.836047530626153,
        5.063889974983837,
        5.249336942911941,
        5.405716532581381,
        5.5409176761058205,
        5.659998261141709,
        5.7663960939160965,
        5.862554509829979,
        5.9502724215370035
    ],
    "split14": [
        4.491085209340604,
        4.816524430893129,
        5.026304074492443,
        5.229317075663804,
        5.3730185421940595,
        5.52065956556214,
        5.629969885567613,
        5.745998183751543,
        5.834208226604664,
        5.929782600437798
    ],
    "split15": [
        4.630230768517076,
        4.917077845239889,
        5.139432753420014,
        5.337940123393211,
        5.489573775590547,
        5.621098289930318,
        5.74824426707394,
        5.851371276346179,
        5.944789553550808,
        6.038342848602437
    ],
    "split16": [
        4.534767640115887,
        4.8393554333845055,
        5.0724912019842865,
        5.238155449408717,
        5.400686536333475,
        5.5404002989784695,
        5.647048969023728,
        5.757982747016876,
        5.857789256495224,
        5.936447809806493
    ],
    "split17": [
        4.642617941177232,
        4.922680988395744,
        5.158300172920843,
        5.334436580979141,
        5.496704505294496,
        5.6252605371681135,
        5.749053453875641,
        5.850288089090017,
        5.950367992397194,
        6.033865163268328
    ],
    "split18": [
        3.6991956153380423,
        4.022477287336916,
        4.266577171576401,
        4.38713327874852,
        4.5624530290553755,
        4.7116841456687935,
        4.790884770042987,
        4.9112562698647055,
        5.018750571846683,
        5.077714314225237
    ],
    "split19": [
        3.316698382495424,
        3.613348184913022,
        3.84186470159347,
        4.027764937945466,
        4.184470171812899,
        4.319916568532562,
        4.439188506748573,
        4.545739798676576,
        4.642024020118697,
        4.72984693975655
    ],
    "split20": [
        4.687352269767005,
        4.991435549196904,
        5.213527011895058,
        5.394927759182891,
        5.556575996364053,
        5.688618170099919,
        5.805172277392417,
        5.915358227820365,
        6.009355367673283,
        6.09523842099183
    ],
    "split21": [
        3.047750135974571,
        3.4495720350374826,
        3.611920658235174,
        3.8598751261400484,
        3.970409312823607,
        4.149942341941424,
        4.2337480772090395,
        4.374504694707449,
        4.441995306366911,
        4.557766547376452
    ],
    "split22": [
        3.6888794541139607,
        3.8712010109078445,
        4.158883083359634,
        4.382026634673908,
        4.477336814478369,
        4.644390899141407,
        4.7874917427819215,
        4.852030263919291,
        4.969813299575846,
        5.075173815233763
    ],
    "split23": [
        3.6597416783275634,
        3.9159579596756693,
        4.131267601623452,
        4.353346307383003,
        4.489637445952236,
        4.616488307603578,
        4.758896168475655,
        4.851801398729491,
        4.941757987410226,
        5.046607907464792
    ],
    "split24": [
        3.1780538303479418,
        3.4657359027997336,
        3.688879454113967,
        3.8712010109078188,
        4.025351690735248,
        4.1588830833596315,
        4.2766661190160615,
        4.3820266346738,
        4.477336814478246,
        4.564348191467925
    ]
}