{
    "split2": [
        1.3862943611198908,
        1.3862943611198881,
        1.3862943611198881,
        1.3862943611198932,
        1.3862943611198923,
        1.3862943611198917,
        1.3862943611198937,
        1.3862943611198943,
        1.3862943611198946,
        1.3862943611198943
    ],
    "split3": [
        1.3862943611198908,
        1.3862943611198881,
        1.3862943611198881,
        1.3862943611198932,
        1.3862943611198923,
        1.3862943611198917,
        1.3862943611198937,
        1.3862943611198943,
        1.3862943611198946,
        1.3862943611198943
    ],
    "split4": [
        0.0,
        0.0,
        0.0,
        0.0,
        0.0,
        0.0,
        0.0,
        0.0,
        0.0,
        0.0
    ],
    "split5": [
        1.3862943611198884,
        1.3862943611198921,
        1.38629436111989,
        1.3862943611198904,
        1.3862943611198917,
        1.3862943611198915,
        1.3862943611198861,
        1.3862943611198972,
        1.3862943611198968,
        1.3862943611198906
    ],
    "split6": [
        0.9770362884304996,
        0.9832050231891809,
        0.9867736286156394,
        0.9890967162016955,
        0.9907282552265128,
        0.9919364911972004,
        0.9928669746904297,
        0.9936054598377825,
        0.9942057291420439,
        0.9947032124362195
    ],
    "split7": [
        1.3862943611198908,
        1.3862943611198881,
        1.3862943611198881,
        1.3862943611198932,
        1.3862943611198923,
        1.3862943611198917,
        1.3862943611198937,
        1.3862943611198943,
        1.3862943611198946,
        1.3862943611198943
    ],
    "split8": [
        1.3862943611198904,
        1.38629436111989,
        1.3862943611198901,
        1.3862943611198906,
        1.3862943611198906,
        1.3862943611198901,
        1.3862943611198904,
        1.3862943611198904,
        1.3862943611198906,
        1.3862943611198904
    ],
    "split9": [
        1.3862943611198884,
        1.3862943611198921,
        1.38629436111989,
        1.3862943611198904,
        1.3862943611198917,
        1.3862943611198915,
        1.3862943611198861,
        1.3862943611198972,
        1.3862943611198968,
        1.3862943611198906
    ]
}