{
    "split2": [
        -1.3862943611198908,
        -1.3862943611198881,
        -1.3862943611198881,
        -1.3862943611198932,
        -1.3862943611198923,
        -1.3862943611198917,
        -1.3862943611198937,
        -1.3862943611198943,
        -1.3862943611198946,
        -1.3862943611198943
    ],
    "split3": [
        -1.3862943611198908,
        -1.3862943611198881,
        -1.3862943611198881,
        -1.3862943611198932,
        -1.3862943611198923,
        -1.3862943611198917,
        -1.3862943611198937,
        -1.3862943611198943,
        -1.3862943611198946,
        -1.3862943611198943
    ],
    "split4": [
        -2.7725887222397816,
        -2.77258872223978,
        -2.7725887222397834,
        -2.7725887222397816,
        -2.772588722239777,
        -2.7725887222397763,
        -2.7725887222397803,
        -2.7725887222397763,
        -2.7725887222397887,
        -2.7725887222397865
    ],
    "split5": [
        -1.3862943611198884,
        -1.3862943611198921,
        -1.38629436111989,
        -1.3862943611198904,
        -1.3862943611198917,
        -1.3862943611198915,
        -1.3862943611198861,
        -1.3862943611198972,
        -1.3862943611198968,
        -1.3862943611198906
    ],
    "split6": [
        -1.7955524338092819,
        -1.7893836990506005,
        -1.7858150936241415,
        -1.7834920060380854,
        -1.7818604670132694,
        -1.78065223104258,
        -1.7797217475493519,
        -1.7789832624019997,
        -1.7783829930977388,
        -1.7778855098035633
    ],
    "split7": [
        -1.3862943611198908,
        -1.3862943611198881,
        -1.3862943611198881,
        -1.3862943611198932,
        -1.3862943611198923,
        -1.3862943611198917,
        -1.3862943611198937,
        -1.3862943611198943,
        -1.3862943611198946,
        -1.3862943611198943
    ],
    "split8": [
        -1.3862943611198908,
        -1.3862943611198904,
        -1.3862943611198908,
        -1.3862943611198906,
        -1.3862943611198908,
        -1.3862943611198904,
        -1.3862943611198906,
        -1.3862943611198906,
        -1.3862943611198908,
        -1.3862943611198908
    ],
    "split9": [
        -1.3862943611198884,
        -1.3862943611198921,
        -1.38629436111989,
        -1.3862943611198904,
        -1.3862943611198917,
        -1.3862943611198915,
        -1.3862943611198861,
        -1.3862943611198972,
        -1.3862943611198968,
        -1.3862943611198906
    ]
}