{
    "split2": [
        5.41610040220442,
        5.991464547107979,
        6.437751649736388,
        6.802394763324316,
        7.110696122978842,
        7.3777589082278965,
        7.6133249795406135,
        7.824046010856288,
        8.014666370464909,
        8.188689124444204
    ],
    "split3": [
        5.41610040220442,
        5.991464547107979,
        6.437751649736388,
        6.802394763324316,
        7.110696122978842,
        7.3777589082278965,
        7.6133249795406135,
        7.824046010856288,
        8.014666370464909,
        8.188689124444204
    ],
    "split4": [
        4.02980604108453,
        4.60517018598809,
        5.0514572886165094,
        5.41610040220442,
        5.724401761858927,
        5.991464547107979,
        6.227030618420754,
        6.437751649736388,
        6.6283720093450516,
        6.802394763324316
    ],
    "split5": [
        5.4161004022044175,
        5.991464547107987,
        6.437751649736388,
        6.802394763324303,
        7.110696122978814,
        7.377758908227889,
        7.613324979540669,
        7.824046010856302,
        8.014666370464912,
        8.18868912444424
    ],
    "split6": [
        5.0068423295150275,
        5.588375209177274,
        6.038230917232151,
        6.405197118406118,
        6.715130017085448,
        6.98340103830518,
        7.2198975931111775,
        7.4313571095741855,
        7.622577738487096,
        7.797097975760523
    ],
    "split7": [
        5.41610040220442,
        5.991464547107979,
        6.437751649736388,
        6.802394763324316,
        7.110696122978842,
        7.3777589082278965,
        7.6133249795406135,
        7.824046010856288,
        8.014666370464909,
        8.188689124444204
    ],
    "split8": [
        5.073650568076805,
        5.638437140100616,
        6.078263564719427,
        6.4385498079530805,
        6.74371388862543,
        7.008409524384315,
        7.242125869945444,
        7.451361585828362,
        7.640762962615081,
        7.813767296272888
    ],
    "split12": [
        5.4161004022044175,
        5.991464547107987,
        6.437751649736388,
        6.802394763324303,
        7.110696122978814,
        7.377758908227889,
        7.613324979540669,
        7.824046010856302,
        8.014666370464912,
        8.18868912444424
    ],
    "split13": [
        5.173024545234046,
        5.743707324424404,
        6.187199698497698,
        6.549985564289206,
        6.856963220002569,
        7.123034817573241,
        7.35783090896942,
        7.567936551645724,
        7.758053805388461,
        7.931657575496526
    ],
    "split14": [
        5.2197029586191395,
        5.816765184732697,
        6.243855024120863,
        6.622656230048225,
        6.917936115043769,
        7.1955082786648115,
        7.421212775095081,
        7.640290607723687,
        7.8229724027952425,
        8.003931593396036
    ],
    "split15": [
        5.3398390075896005,
        5.905243753137687,
        6.345158290583336,
        6.720565268447754,
        7.023885582345289,
        7.287077563170515,
        7.529641979046994,
        7.737038063846233,
        7.924870727312439,
        8.104080034210718
    ],
    "split16": [
        5.31543283692015,
        5.885568012573584,
        6.328896983054648,
        6.693225507600224,
        6.9997361312967294,
        7.265532894043064,
        7.501296092794414,
        7.711047105956942,
        7.900915752438969,
        8.075225949359684
    ],
    "split17": [
        5.319345764790579,
        5.88844344990912,
        6.334527405019629,
        6.6959647982908415,
        7.004643241391605,
        7.269621991284567,
        7.505686468743608,
        7.714884205819765,
        7.906013620955976,
        8.078843781945153
    ],
    "split18": [
        5.312642046448485,
        5.883613913514725,
        6.327405347534502,
        6.691850496631634,
        6.998601078286005,
        7.264569380868447,
        7.500384275630457,
        7.710247455652411,
        7.900204815858684,
        8.0745439513468
    ],
    "split19": [
        5.335366456023117,
        5.906627739528197,
        6.350427415214722,
        6.713401864937814,
        7.020506340656923,
        7.286668777532966,
        7.52153300331553,
        7.731691574318787,
        7.92185109285146,
        8.095489370644234
    ],
    "split20": [
        5.337610756245769,
        5.917008309764736,
        6.358200054255807,
        6.719452964431349,
        7.030811341570229,
        7.295312881443461,
        7.528901068931951,
        7.741942600913818,
        7.930887686081436,
        8.10352461526007
    ],
    "split21": [
        5.385265516179788,
        5.951905698546243,
        6.401583402497645,
        6.761482359568476,
        7.072324441887484,
        7.336163697144715,
        7.573750300347729,
        7.782039204827823,
        7.974333968211032,
        8.14640713007298
    ],
    "split22": [
        5.416100402204425,
        5.9914645471079835,
        6.437751649736398,
        6.802394763324332,
        7.11069612297881,
        7.377758908227856,
        7.613324979540631,
        7.824046010856304,
        8.014666370464974,
        8.188689124444167
    ],
    "split23": [
        5.416100402204425,
        5.991464547107989,
        6.437751649736398,
        6.802394763324332,
        7.110696122978815,
        7.377758908227856,
        7.613324979540631,
        7.824046010856323,
        8.014666370464974,
        8.188689124444167
    ],
    "split24": [
        5.416100402204423,
        5.991464547107978,
        6.437751649736401,
        6.802394763324321,
        7.110696122978843,
        7.377758908227863,
        7.613324979540657,
        7.8240460108563195,
        8.014666370464953,
        8.188689124444231
    ]
}