{
    "split2": [
        3.190166605437708,
        3.4825219502284344,
        3.7084080098366585,
        3.8925315343949243,
        4.047956095867275,
        4.182435506217118,
        4.300951426678389,
        4.406895393049776,
        4.5026810250571945,
        4.590087277226834
    ],
    "split3": [
        3.400602733462933,
        3.6885506869851206,
        3.911814744406261,
        4.094200918458183,
        4.248390218418864,
        4.381946517168137,
        4.499746545659016,
        4.6051191699180185,
        4.700438281202385,
        4.787456434125548
    ],
    "split4": [
        2.708050201102211,
        2.9957322735539917,
        3.218875824868198,
        3.401197381662157,
        3.5553480614894135,
        3.6888794541139363,
        3.806662489770329,
        3.912023005428147,
        4.007333185232463,
        4.094344562222093
    ],
    "split5": [
        2.708050201102211,
        2.995732273553992,
        3.2188758248681966,
        3.40119738166216,
        3.555348061489407,
        3.688879454113932,
        3.806662489770316,
        3.912023005428151,
        4.007333185232467,
        4.094344562222112
    ],
    "split6": [
        3.1965683453174605,
        3.4873347851485805,
        3.7122626391760196,
        3.895745739763003,
        4.050712189102671,
        4.1848476997125355,
        4.303095977115532,
        4.408825735347036,
        4.504436049803492,
        4.591696168440211
    ],
    "split7": [
        3.1901666054377085,
        3.482521950228434,
        3.7084080098366585,
        3.892531534394924,
        4.047956095867276,
        4.18243550621712,
        4.300951426678388,
        4.406895393049779,
        4.502681025057193,
        4.590087277226833
    ],
    "split8": [
        3.2299724645983483,
        3.512365750610254,
        3.7322789629196595,
        3.9124220845364848,
        4.065004124872659,
        4.197351942752102,
        4.314210115532668,
        4.418827973474129,
        4.513528661867484,
        4.60003082869639
    ],
    "split12": [
        2.708050201102211,
        2.995732273553992,
        3.2188758248681966,
        3.40119738166216,
        3.555348061489407,
        3.688879454113932,
        3.806662489770316,
        3.912023005428151,
        4.007333185232467,
        4.094344562222112
    ],
    "split13": [
        3.0543264672825723,
        3.3421414802695573,
        3.5653452846372313,
        3.7476991500601717,
        3.901869139954137,
        4.035412985641039,
        4.1532045177146735,
        4.258571087673083,
        4.353885733217434,
        4.440900498173826
    ],
    "split14": [
        3.1417220902137317,
        3.452892397361873,
        3.6638630681032462,
        3.859643093816146,
        4.004950594123448,
        4.147913408774834,
        4.258773069884537,
        4.3713931515331055,
        4.461019751392423,
        4.553932011124982
    ],
    "split15": [
        3.247693370660812,
        3.5299970119575765,
        3.7497159618909945,
        3.9436212291053843,
        4.094268570610717,
        4.225103164916938,
        4.349922240388197,
        4.452745937532064,
        4.545944191596416,
        4.6380061916575235
    ],
    "split16": [
        2.995403506425177,
        3.2956589345718537,
        3.5262493924522835,
        3.6887993366081804,
        3.8500897989839005,
        3.988940413763554,
        4.094309253565591,
        4.204664355038304,
        4.304041965751167,
        4.382006856844819
    ],
    "split17": [
        3.1352826437151773,
        3.4010687303236113,
        3.6375088278262298,
        3.8066060975610267,
        3.970252209231035,
        4.094313059159558,
        4.2194836036347425,
        4.317468034402569,
        4.418824438625412,
        4.499795764628071
    ],
    "split18": [
        2.9955699707941976,
        3.2957487628365865,
        3.526305394536604,
        3.6888396473028977,
        3.850118858206042,
        3.9889623354118786,
        4.094326981761338,
        4.204678540937132,
        4.3040535697398665,
        4.382016776759095
    ],
    "split19": [
        2.890013455738334,
        3.177854505720138,
        3.4010706540819524,
        3.5834313186333686,
        3.737605445552123,
        3.87115199356591,
        3.988945387183705,
        4.09431329360094,
        4.189628930874451,
        4.276644451925625
    ],
    "split20": [
        3.2187403312944114,
        3.526294930447432,
        3.7376244026773575,
        3.9119900894910833,
        4.077515123356906,
        4.204674828887608,
        4.317473621920811,
        4.4308056861295375,
        4.521779136710641,
        4.605162072754497
    ],
    "split21": [
        2.899626163426839,
        3.2402704118886336,
        3.4356427030117693,
        3.6478144661884184,
        3.782211156621274,
        3.9364968739315604,
        4.038965076630883,
        4.16022666773834,
        4.243035835611753,
        4.342932787807637
    ],
    "split22": [
        3.401197381662155,
        3.6888794541139327,
        3.9120230054281406,
        4.094344562222099,
        4.248495242049352,
        4.38202663467388,
        4.499809670330273,
        4.6051701859880785,
        4.700480365792422,
        4.78749174278202
    ],
    "split23": [
        3.372059605875758,
        3.6535936952082184,
        3.88440752369196,
        4.065664234931192,
        4.216344110952634,
        4.3541240431360615,
        4.471214096024002,
        4.574169662131581,
        4.672425053626793,
        4.7589258350130645
    ],
    "split24": [
        3.401197381662155,
        3.6888794541139407,
        3.9120230054281406,
        4.094344562222099,
        4.248495242049345,
        4.38202663467388,
        4.499809670330273,
        4.605170185988067,
        4.700480365792422,
        4.78749174278202
    ]
}