{
    "split2": [
        3.367295829986529,
        3.6635616461296467,
        3.8918202981106376,
        4.07753744390549,
        4.234106504597292,
        4.369447852466747,
        4.488636369732302,
        4.5951198501351005,
        4.691347882229943,
        4.779123493112104
    ],
    "split3": [
        3.367295829986529,
        3.6635616461296467,
        3.8918202981106376,
        4.07753744390549,
        4.234106504597292,
        4.369447852466747,
        4.488636369732302,
        4.5951198501351005,
        4.691347882229943,
        4.779123493112104
    ],
    "split4": [
        2.639057329615276,
        2.9444389791664847,
        3.178053830347866,
        3.3672958299866083,
        3.526360524616227,
        3.6635616461297693,
        3.784189633918151,
        3.8918202981109538,
        3.988984046564563,
        4.077537443906224
    ],
    "split5": [
        2.7080502011021994,
        2.995732273554017,
        3.218875824868237,
        3.4011973816621905,
        3.5553480614894113,
        3.6888794541139402,
        3.8066624897701904,
        3.9120230054280625,
        4.007333185232595,
        4.0943445622219246
    ],
    "split6": [
        3.3322045101752518,
        3.6375861597262777,
        3.8712010109077966,
        4.06044301054668,
        4.21950770517642,
        4.3567088266899425,
        4.477336814478213,
        4.584967478671054,
        4.682131227125549,
        4.770684624467381
    ],
    "split7": [
        2.8851794256509886,
        3.176771969455193,
        3.402288113142171,
        3.586203291172941,
        3.7414984702193683,
        3.875891800363871,
        3.994347432824166,
        4.100247462512906,
        4.196000042404491,
        4.283380778106842
    ],
    "split8": [
        2.8792751181660172,
        3.17224597705765,
        3.3986198673766643,
        3.583119859347755,
        3.738839178666075,
        3.8735541460356684,
        3.9922620445678767,
        4.0983652179421135,
        4.194284889157331,
        4.281805476307593
    ],
    "split12": [
        2.7080502011021976,
        2.995732273554028,
        3.2188758248681526,
        3.4011973816622523,
        3.555348061489198,
        3.688879454113822,
        3.8066624897705883,
        3.9120230054283494,
        4.007333185232652,
        4.094344562221724
    ],
    "split13": [
        3.1542109816496318,
        3.449753169506388,
        3.6775956138638524,
        3.863042581792163,
        4.019422171461482,
        4.154623314986085,
        4.273703900021761,
        4.380101732796222,
        4.476260148710574,
        4.563978060417665
    ],
    "split14": [
        3.104790848220695,
        3.4302300697732155,
        3.6400097133728244,
        3.8430227145439093,
        3.986724181073847,
        4.134365204441874,
        4.243675524447775,
        4.359703822632136,
        4.447913865485446,
        4.543488239317819
    ],
    "split15": [
        3.2439364073971557,
        3.5307834841200583,
        3.7531383923001234,
        3.951645762273456,
        4.103279414470866,
        4.234803928810858,
        4.361949905953754,
        4.465076915226309,
        4.55849519243022,
        4.652048487483073
    ],
    "split16": [
        3.1484732789959584,
        3.4530610722647213,
        3.6861968408643278,
        3.8518610882887865,
        4.014392175213603,
        4.154105937858903,
        4.260754607903651,
        4.37168838589703,
        4.471494895373889,
        4.550153448687082
    ],
    "split17": [
        3.2563235800573835,
        3.5363866272759608,
        3.7720058118009074,
        3.9481422198593155,
        4.110410144175111,
        4.238966176048063,
        4.362759092754767,
        4.463993727970407,
        4.564073631276954,
        4.647570802149007
    ],
    "split18": [
        2.9622855347275783,
        3.2704422176102974,
        3.5059101680237945,
        3.67209998113705,
        3.835669688273248,
        3.976256948390951,
        4.083146289661782,
        4.194568146578054,
        4.294828300362131,
        4.3736235162748125
    ],
    "split19": [
        2.8720379270418293,
        3.1642669130010037,
        3.3901508086442886,
        3.5743041656164953,
        3.72976562136556,
        3.864281358933688,
        3.9828307356969628,
        4.0888047857937035,
        4.184617251221766,
        4.272047406549697
    ],
    "split20": [
        3.3010579086471226,
        3.6051411880769315,
        3.827232650775461,
        4.008633398063037,
        4.1702816352441,
        4.302323808979754,
        4.418877916272916,
        4.529063866699383,
        4.623061006554315,
        4.708944059872812
    ],
    "split21": [
        2.6337633253006687,
        2.920936909806467,
        3.1422186547093145,
        3.3257285533317593,
        3.478311441468515,
        3.6131122912229676,
        3.7295682242950767,
        3.8360905640583165,
        3.9302576033545673,
        4.018308101834657
    ],
    "split22": [
        2.3025850929940384,
        2.4849066497879693,
        2.7725887222397705,
        2.995732273554032,
        3.091042453358273,
        3.258096538021386,
        3.4011973816621746,
        3.4657359027999193,
        3.5835189384561095,
        3.6888794541139185
    ],
    "split23": [
        2.3317228687804374,
        2.6002351163672563,
        2.8002042039759734,
        3.0244126008449124,
        3.167645347025849,
        3.2859991295592628,
        3.429792955968459,
        3.527508085323044,
        3.6115742506217554,
        3.717445361882828
    ],
    "split24": [
        1.7917594692280547,
        2.0794415416798278,
        2.3025850929940503,
        2.4849066497879613,
        2.6390573296152886,
        2.772588722239692,
        2.8903717578960846,
        2.9957322735538914,
        3.0910424533583805,
        3.178053830348099
    ]
}