{
    "split2": [
        3.367295829986529,
        3.6635616461296467,
        3.8918202981106376,
        4.07753744390549,
        4.234106504597292,
        4.369447852466747,
        4.488636369732302,
        4.5951198501351005,
        4.691347882229943,
        4.779123493112104
    ],
    "split3": [
        3.367295829986529,
        3.6635616461296467,
        3.8918202981106376,
        4.07753744390549,
        4.234106504597292,
        4.369447852466747,
        4.488636369732302,
        4.5951198501351005,
        4.691347882229943,
        4.779123493112104
    ],
    "split4": [
        2.639057329615276,
        2.9444389791664847,
        3.178053830347866,
        3.3672958299866083,
        3.526360524616227,
        3.6635616461297693,
        3.784189633918151,
        3.8918202981109538,
        3.988984046564563,
        4.077537443906224
    ],
    "split5": [
        2.7080502011021994,
        2.995732273554017,
        3.218875824868237,
        3.4011973816621905,
        3.5553480614894113,
        3.6888794541139402,
        3.8066624897701904,
        3.9120230054280625,
        4.007333185232595,
        4.0943445622219246
    ],
    "split6": [
        3.3322045101752518,
        3.6375861597262777,
        3.8712010109077966,
        4.06044301054668,
        4.21950770517642,
        4.3567088266899425,
        4.477336814478213,
        4.584967478671054,
        4.682131227125549,
        4.770684624467381
    ],
    "split7": [
        2.885179425650978,
        3.1767719694551815,
        3.402288113142154,
        3.586203291172942,
        3.741498470219376,
        3.8758918003638034,
        3.9943474328240445,
        4.100247462512974,
        4.1960000424043535,
        4.283380778106635
    ],
    "split8": [
        2.8792751181660172,
        3.17224597705765,
        3.3986198673766643,
        3.583119859347755,
        3.738839178666075,
        3.8735541460356684,
        3.9922620445678767,
        4.0983652179421135,
        4.194284889157331,
        4.281805476307593
    ],
    "split12": [
        2.7080502011021976,
        2.995732273554028,
        3.2188758248681526,
        3.4011973816622523,
        3.555348061489198,
        3.688879454113822,
        3.8066624897705883,
        3.9120230054283494,
        4.007333185232652,
        4.094344562221724
    ],
    "split13": [
        3.1542109816496318,
        3.449753169506388,
        3.6775956138638524,
        3.863042581792163,
        4.019422171461482,
        4.154623314986085,
        4.273703900021761,
        4.380101732796222,
        4.476260148710574,
        4.563978060417665
    ],
    "split14": [
        3.104790848220695,
        3.4302300697732155,
        3.6400097133728244,
        3.8430227145439093,
        3.986724181073847,
        4.134365204441874,
        4.243675524447775,
        4.359703822632136,
        4.447913865485446,
        4.543488239317819
    ],
    "split15": [
        3.2439364073971557,
        3.5307834841200583,
        3.7531383923001234,
        3.951645762273456,
        4.103279414470866,
        4.234803928810858,
        4.361949905953754,
        4.465076915226309,
        4.55849519243022,
        4.652048487483073
    ],
    "split16": [
        3.1484732789959584,
        3.4530610722647213,
        3.6861968408643278,
        3.8518610882887865,
        4.014392175213603,
        4.154105937858903,
        4.260754607903651,
        4.37168838589703,
        4.471494895373889,
        4.550153448687082
    ],
    "split17": [
        3.2563235800573835,
        3.5363866272759608,
        3.7720058118009074,
        3.9481422198593155,
        4.110410144175111,
        4.238966176048063,
        4.362759092754767,
        4.463993727970407,
        4.564073631276954,
        4.647570802149007
    ],
    "split18": [
        2.992007623796708,
        3.2929521692126156,
        3.5240107668973177,
        3.6869890351592884,
        3.848500730300151,
        3.987526112835526,
        4.093078141593354,
        4.2035403593929646,
        4.3030084926328085,
        4.381074530320884
    ],
    "split19": [
        2.8720379270418652,
        3.164266913000967,
        3.390150808644261,
        3.574304165616543,
        3.729765621365508,
        3.864281358933627,
        3.982830735696683,
        4.088804785793612,
        4.18461725122138,
        4.272047406549653
    ],
    "split20": [
        3.3010579086471226,
        3.6051411880769315,
        3.827232650775461,
        4.008633398063037,
        4.1702816352441,
        4.302323808979754,
        4.418877916272916,
        4.529063866699383,
        4.623061006554315,
        4.708944059872812
    ],
    "split21": [
        2.633763325300669,
        2.920936909806466,
        3.1422186547093234,
        3.3257285533317438,
        3.478311441468616,
        3.6131122912230005,
        3.729568224294999,
        3.8360905640583645,
        3.9302576033545993,
        4.0183081018345765
    ],
    "split22": [
        2.3025850929940384,
        2.4849066497879693,
        2.7725887222397705,
        2.995732273554032,
        3.091042453358273,
        3.258096538021386,
        3.4011973816621746,
        3.4657359027999193,
        3.5835189384561095,
        3.6888794541139185
    ],
    "split23": [
        2.3317228687804366,
        2.600235116367264,
        2.8002042039759614,
        3.024412600844932,
        3.1676453470258803,
        3.285999129559322,
        3.4297929559685145,
        3.527508085323012,
        3.611574250621807,
        3.717445361882904
    ],
    "split24": [
        1.7917594692280547,
        2.0794415416798278,
        2.3025850929940503,
        2.4849066497879613,
        2.6390573296152886,
        2.772588722239692,
        2.8903717578960846,
        2.9957322735538914,
        3.0910424533583805,
        3.178053830348099
    ]
}