{
    "split2": [
        0.6931471805599445,
        0.6931471805599453,
        0.6931471805599451,
        0.6931471805599452,
        0.6931471805599453,
        0.6931471805599452,
        0.6931471805599454,
        0.6931471805599454,
        0.6931471805599454,
        0.6931471805599454
    ],
    "split3": [
        0.693147180559946,
        0.693147180559945,
        0.6931471805599461,
        0.6931471805599446,
        0.6931471805599441,
        0.6931471805599452,
        0.6931471805599466,
        0.693147180559947,
        0.6931471805599468,
        0.693147180559944
    ],
    "split4": [
        0.0,
        0.0,
        0.0,
        0.0,
        0.0,
        0.0,
        0.0,
        0.0,
        0.0,
        0.0
    ],
    "split5": [
        0.0,
        0.0,
        0.0,
        0.0,
        0.0,
        0.0,
        0.0,
        0.0,
        0.0,
        0.0
    ],
    "split6": [
        0.4885181442152498,
        0.49160251159459045,
        0.4933868143078197,
        0.49454835810084774,
        0.4953641276132564,
        0.4959682455986002,
        0.49643348734521486,
        0.49680272991889124,
        0.49710286457102193,
        0.49735160621810975
    ],
    "split7": [
        0.4821164043354971,
        0.4867896766744435,
        0.4895321849684587,
        0.4913341527327679,
        0.492608034377862,
        0.4935560521031824,
        0.49428893690806885,
        0.49487238762163277,
        0.49534783982472314,
        0.4957427150047333
    ],
    "split8": [
        0.6931471805599452,
        0.693147180559945,
        0.6931471805599451,
        0.6931471805599453,
        0.6931471805599453,
        0.6931471805599451,
        0.6931471805599452,
        0.6931471805599452,
        0.6931471805599453,
        0.6931471805599452
    ],
    "split12": [
        0.693147180559945,
        0.6931471805599451,
        0.693147180559945,
        0.6931471805599442,
        0.6931471805599443,
        0.6931471805599461,
        0.6931471805599458,
        0.693147180559945,
        0.6931471805599446,
        0.6931471805599452
    ],
    "split13": [
        0.693147180559946,
        0.693147180559945,
        0.6931471805599461,
        0.6931471805599446,
        0.6931471805599441,
        0.6931471805599452,
        0.6931471805599466,
        0.693147180559947,
        0.6931471805599468,
        0.693147180559944
    ],
    "split14": [
        0.6931471805599456,
        0.6931471805599457,
        0.6931471805599461,
        0.6931471805599443,
        0.6931471805599454,
        0.6931471805599456,
        0.693147180559944,
        0.6931471805599448,
        0.6931471805599455,
        0.6931471805599448
    ],
    "split15": [
        0.6931471805599452,
        0.6931471805599455,
        0.6931471805599457,
        0.693147180559946,
        0.6931471805599465,
        0.6931471805599446,
        0.6931471805599446,
        0.6931471805599432,
        0.6931471805599436,
        0.693147180559945
    ],
    "split16": [
        0.6931471805599448,
        0.6931471805599462,
        0.6931471805599452,
        0.693147180559944,
        0.6931471805599465,
        0.6931471805599456,
        0.6931471805599462,
        0.6931471805599434,
        0.6931471805599444,
        0.6931471805599464
    ],
    "split17": [
        0.6931471805599455,
        0.6931471805599453,
        0.6931471805599455,
        0.6931471805599453,
        0.6931471805599447,
        0.6931471805599465,
        0.6931471805599445,
        0.6931471805599456,
        0.6931471805599428,
        0.6931471805599474
    ],
    "split18": [
        0.3420242800482788,
        0.3560824963062455,
        0.36434226957686344,
        0.3443540753539687,
        0.35206542382001815,
        0.35777706925074754,
        0.3451059111150982,
        0.35043422738582825,
        0.3547545261050261,
        0.34547729477809275
    ],
    "split19": [
        0.22233022772677494,
        0.22454063595603851,
        0.22585694647458893,
        0.22673038616446814,
        0.22735227522366216,
        0.22781760479942276,
        0.22817888552594487,
        0.22846750644154598,
        0.22870338444871302,
        0.22889976660351669
    ],
    "split20": [
        0.6931471805599458,
        0.6931471805599454,
        0.6931471805599448,
        0.693147180559944,
        0.6931471805599453,
        0.6931471805599431,
        0.6931471805599454,
        0.6931471805599441,
        0.6931471805599443,
        0.6931471805599473
    ],
    "split21": [
        0.2069934053369442,
        0.2643175626155101,
        0.2348510017629448,
        0.26707328640418054,
        0.2460489356775368,
        0.26841502535919404,
        0.25208992645702755,
        0.269207065324427,
        0.25586885150621325,
        0.26972922277113115
    ],
    "split22": [
        0.6931471805599457,
        0.6931471805599464,
        0.6931471805599458,
        0.6931471805599464,
        0.6931471805599444,
        0.693147180559944,
        0.6931471805599471,
        0.6931471805599465,
        0.6931471805599428,
        0.6931471805599424
    ],
    "split23": [
        0.6640094047735481,
        0.6578614216542267,
        0.6655316988237638,
        0.6644668532690354,
        0.6609960494632233,
        0.665244589022122,
        0.6645516062536794,
        0.6621466567034405,
        0.6650918683943177,
        0.6645812727909686
    ],
    "split24": [
        0.6931471805599457,
        0.6931471805599451,
        0.6931471805599458,
        0.6931471805599464,
        0.6931471805599465,
        0.693147180559944,
        0.6931471805599471,
        0.693147180559943,
        0.6931471805599428,
        0.6931471805599424
    ]
}