{
    "split3": [
        2.7230713617335534,
        2.8713372103402266,
        2.985526789384381,
        3.0784176709108935,
        3.1567215113235294,
        3.2244046383203173,
        3.2840073933704605,
        3.337255187872227,
        3.3853736696589003,
        3.4292648630675124
    ],
    "split2": [
        2.617853297720939,
        2.768322841961891,
        2.883823422099581,
        2.977582978879271,
        3.056504450047735,
        3.1246491328448034,
        3.1846098338802458,
        3.238143299438019,
        3.2864950415864067,
        3.330580284618175
    ],
    "split4": [
        2.01267584536758,
        2.165366670143167,
        2.2821740957338603,
        2.376795095553149,
        2.4563274428680617,
        2.5249280036248,
        2.5852419975192897,
        2.639057329615365,
        2.687639203842307,
        2.731915902512884
    ],
    "split5": [
        2.047172281111039,
        2.191013317336955,
        2.3025850929940024,
        2.3937458713909767,
        2.470821211304615,
        2.5375869076167445,
        2.596478425444824,
        2.6491586832740084,
        2.6968137731758057,
        2.7403194616708078
    ],
    "split6": [
        2.6035085077551785,
        2.757741516220477,
        2.875441093167695,
        2.9706428648838235,
        3.0505830969548,
        3.1194857167042476,
        3.180032331471846,
        3.2340322848550587,
        3.2827642264072425,
        3.327165295902338
    ],
    "split7": [
        2.617853297720939,
        2.7683228419618895,
        2.8838234220995798,
        2.977582978879269,
        3.0565044500477314,
        3.124649132844808,
        3.184609833880194,
        3.2381432994380703,
        3.2864950415863605,
        3.330580284618175
    ],
    "split9": [
        2.740319461671005,
        2.8841604978967856,
        2.9957322735539833,
        3.086893051950803,
        3.163968391864806,
        3.230734088177212,
        3.289625606004831,
        3.3423058638336416,
        3.3899609537360855,
        3.4334666422300932
    ]
}