{
    "split2": [
        1.3862943611198908,
        1.3862943611198881,
        1.3862943611198881,
        1.3862943611198932,
        1.3862943611198923,
        1.3862943611198917,
        1.3862943611198937,
        1.3862943611198943,
        1.3862943611198946,
        1.3862943611198943
    ],
    "split3": [
        1.3862943611198908,
        1.3862943611198881,
        1.3862943611198881,
        1.3862943611198932,
        1.3862943611198923,
        1.3862943611198917,
        1.3862943611198937,
        1.3862943611198943,
        1.3862943611198946,
        1.3862943611198943
    ],
    "split4": [
        0.0,
        0.0,
        0.0,
        0.0,
        0.0,
        0.0,
        0.0,
        0.0,
        0.0,
        0.0
    ],
    "split5": [
        1.3862943611198884,
        1.3862943611198921,
        1.38629436111989,
        1.3862943611198904,
        1.3862943611198917,
        1.3862943611198915,
        1.3862943611198861,
        1.3862943611198972,
        1.3862943611198968,
        1.3862943611198906
    ],
    "split6": [
        0.9770362884304996,
        0.9832050231891809,
        0.9867736286156394,
        0.9890967162016955,
        0.9907282552265128,
        0.9919364911972004,
        0.9928669746904297,
        0.9936054598377825,
        0.9942057291420439,
        0.9947032124362195
    ],
    "split7": [
        1.3862943611198908,
        1.3862943611198881,
        1.3862943611198881,
        1.3862943611198932,
        1.3862943611198923,
        1.3862943611198917,
        1.3862943611198937,
        1.3862943611198943,
        1.3862943611198946,
        1.3862943611198943
    ],
    "split8": [
        1.3862943611198904,
        1.38629436111989,
        1.3862943611198901,
        1.3862943611198906,
        1.3862943611198906,
        1.3862943611198901,
        1.3862943611198904,
        1.3862943611198904,
        1.3862943611198906,
        1.3862943611198904
    ],
    "split12": [
        1.3862943611198884,
        1.3862943611198921,
        1.38629436111989,
        1.3862943611198904,
        1.3862943611198917,
        1.3862943611198915,
        1.3862943611198861,
        1.3862943611198972,
        1.3862943611198968,
        1.3862943611198906
    ],
    "split13": [
        1.3862943611198904,
        1.3862943611198906,
        1.3862943611198895,
        1.3862943611198901,
        1.3862943611198868,
        1.3862943611198935,
        1.3862943611198892,
        1.3862943611198908,
        1.386294361119895,
        1.386294361119892
    ],
    "split14": [
        1.386294361119892,
        1.3862943611198928,
        1.3862943611198904,
        1.3862943611198908,
        1.386294361119891,
        1.3862943611198866,
        1.3862943611198943,
        1.3862943611198921,
        1.3862943611198908,
        1.386294361119889
    ],
    "split15": [
        1.3862943611198908,
        1.38629436111989,
        1.3862943611198923,
        1.3862943611198895,
        1.3862943611198941,
        1.3862943611198884,
        1.386294361119895,
        1.3862943611198935,
        1.3862943611198857,
        1.3862943611198923
    ],
    "split16": [
        1.3862943611198912,
        1.3862943611198932,
        1.3862943611198897,
        1.3862943611198886,
        1.38629436111989,
        1.3862943611198932,
        1.3862943611198892,
        1.3862943611198946,
        1.386294361119889,
        1.386294361119886
    ],
    "split17": [
        1.386294361119892,
        1.3862943611198923,
        1.3862943611198926,
        1.3862943611198881,
        1.3862943611198904,
        1.386294361119889,
        1.3862943611198943,
        1.386294361119892,
        1.386294361119892,
        1.3862943611198948
    ],
    "split18": [
        1.38493776293262,
        1.3852429746118533,
        1.3854376082584827,
        1.385641139090561,
        1.385720247476245,
        1.3857828523626243,
        1.385864288824261,
        1.3858998500968474,
        1.385930238772638,
        1.385973812977455
    ],
    "split19": [
        1.386294361119892,
        1.3862943611198912,
        1.3862943611198912,
        1.386294361119887,
        1.3862943611198901,
        1.3862943611198915,
        1.3862943611198943,
        1.3862943611198895,
        1.3862943611198935,
        1.3862943611198884
    ],
    "split20": [
        1.3862943611198912,
        1.3862943611198906,
        1.3862943611198906,
        1.3862943611198906,
        1.3862943611198881,
        1.3862943611198895,
        1.3862943611198915,
        1.3862943611198888,
        1.3862943611198928,
        1.386294361119891
    ],
    "split21": [
        1.3862943611198904,
        1.3862943611198906,
        1.386294361119894,
        1.3862943611198881,
        1.386294361119894,
        1.3862943611198906,
        1.3862943611198915,
        1.3862943611198955,
        1.3862943611198932,
        1.38629436111989
    ],
    "split22": [
        1.3862943611198915,
        1.3862943611198928,
        1.3862943611198917,
        1.3862943611198928,
        1.3862943611198888,
        1.386294361119888,
        1.3862943611198941,
        1.386294361119893,
        1.3862943611198857,
        1.3862943611198848
    ],
    "split23": [
        1.3862943611198915,
        1.3862943611198901,
        1.3862943611198917,
        1.3862943611198928,
        1.386294361119893,
        1.386294361119888,
        1.3862943611198941,
        1.386294361119886,
        1.3862943611198857,
        1.3862943611198848
    ],
    "split24": [
        1.3862943611198915,
        1.3862943611198901,
        1.3862943611198917,
        1.3862943611198928,
        1.386294361119893,
        1.386294361119888,
        1.3862943611198941,
        1.386294361119886,
        1.3862943611198857,
        1.3862943611198848
    ]
}