{
    "split2": [
        0.48211640433549713,
        0.48678967667444345,
        0.4895321849684587,
        0.49133415273276787,
        0.4926080343778618,
        0.49355605210318243,
        0.4942889369080689,
        0.4948723876216324,
        0.49534783982472314,
        0.49574271500473316
    ],
    "split3": [
        0.6925525323607231,
        0.6928184134311289,
        0.6929389195380613,
        0.6930035367960181,
        0.693042156929447,
        0.693067063054191,
        0.6930840558886792,
        0.693096164489864,
        0.6931050959699087,
        0.6931118719034314
    ],
    "split4": [
        0.6931471805599454,
        0.693147180559945,
        0.6931471805599458,
        0.6931471805599454,
        0.6931471805599443,
        0.6931471805599441,
        0.6931471805599451,
        0.6931471805599441,
        0.6931471805599472,
        0.6931471805599466
    ],
    "split5": [
        0.693147180559945,
        0.6931471805599451,
        0.693147180559945,
        0.6931471805599442,
        0.6931471805599443,
        0.6931471805599461,
        0.6931471805599458,
        0.693147180559945,
        0.6931471805599446,
        0.6931471805599452
    ],
    "split6": [
        0.6931471805599454,
        0.693147180559945,
        0.6931471805599458,
        0.6931471805599454,
        0.6931471805599443,
        0.6931471805599441,
        0.6931471805599451,
        0.6931471805599441,
        0.6931471805599472,
        0.6931471805599466
    ],
    "split7": [
        0.6931471805599454,
        0.6931471805599454,
        0.6931471805599457,
        0.6931471805599451,
        0.693147180559946,
        0.6931471805599452,
        0.6931471805599442,
        0.6931471805599438,
        0.6931471805599443,
        0.6931471805599447
    ],
    "split8": [
        0.6931471805599453,
        0.6931471805599453,
        0.6931471805599454,
        0.6931471805599454,
        0.6931471805599453,
        0.6931471805599452,
        0.6931471805599454,
        0.6931471805599453,
        0.6931471805599453,
        0.6931471805599453
    ],
    "split12": [
        0.0,
        0.0,
        0.0,
        0.0,
        0.0,
        0.0,
        0.0,
        0.0,
        0.0,
        0.0
    ],
    "split13": [
        0.46781419466554836,
        0.47028781805735564,
        0.47174543538837904,
        0.47270636791556747,
        0.4733875299528409,
        0.4738955768544149,
        0.4742890632299404,
        0.47460281185022224,
        0.4748588305231874,
        0.4750717104255528
    ],
    "split14": [
        0.5318706109041673,
        0.5445098049955217,
        0.5419355560428122,
        0.5483149787920365,
        0.545982536601549,
        0.5501592694424413,
        0.548166682336994,
        0.551247847671269,
        0.5495335499948155,
        0.5519662144269525
    ],
    "split15": [
        0.5777738668660078,
        0.5773751353887326,
        0.5771368165993191,
        0.5833385948815033,
        0.5823257794380714,
        0.5815643833316777,
        0.5851012508647202,
        0.5842269056089294,
        0.5835088279401967,
        0.5859661745521743
    ],
    "split16": [
        0.33768708796510166,
        0.35287492828506295,
        0.3618009009249627,
        0.34218658280807435,
        0.3502217333355511,
        0.35617396674202195,
        0.34366120716837595,
        0.34914080205982434,
        0.3535840895316825,
        0.3443938821650042
    ],
    "split17": [
        0.4756097613198847,
        0.45684700536905487,
        0.4702451253164087,
        0.4586236984156028,
        0.46793058853523906,
        0.45950206351726663,
        0.4666403692629424,
        0.46002593149269927,
        0.4658176281474126,
        0.46037387365548543
    ],
    "split18": [
        0.6924688814663095,
        0.692621487305926,
        0.6927188041292418,
        0.6928205695452813,
        0.6928601237381227,
        0.6928914261813123,
        0.6929321444121331,
        0.6929499250484209,
        0.6929651193863189,
        0.6929869064887292
    ],
    "split19": [
        0.693147180559945,
        0.6931471805599456,
        0.6931471805599446,
        0.6931471805599461,
        0.6931471805599452,
        0.6931471805599461,
        0.6931471805599468,
        0.6931471805599453,
        0.6931471805599435,
        0.6931471805599435
    ],
    "split20": [
        0.5499349531715266,
        0.5677907755650616,
        0.5585243755494591,
        0.5522636072754039,
        0.5621094525717704,
        0.5570183881658727,
        0.5530230874548353,
        0.5598343856726299,
        0.5563352936699263,
        0.5533997651244714
    ],
    "split21": [
        0.6931471805599451,
        0.6931471805599454,
        0.6931471805599452,
        0.6931471805599453,
        0.6931471805599447,
        0.6931471805599454,
        0.6931471805599444,
        0.6931471805599444,
        0.6931471805599444,
        0.6931471805599436
    ],
    "split22": [
        0.693147180559945,
        0.6931471805599455,
        0.6931471805599446,
        0.6931471805599457,
        0.693147180559946,
        0.6931471805599451,
        0.6931471805599438,
        0.6931471805599458,
        0.6931471805599446,
        0.6931471805599464
    ],
    "split23": [
        0.693147180559945,
        0.6931471805599456,
        0.6931471805599446,
        0.6931471805599457,
        0.6931471805599452,
        0.6931471805599451,
        0.6931471805599438,
        0.6931471805599446,
        0.6931471805599446,
        0.6931471805599464
    ],
    "split24": [
        0.693147180559945,
        0.6931471805599446,
        0.6931471805599455,
        0.6931471805599461,
        0.6931471805599464,
        0.6931471805599456,
        0.6931471805599455,
        0.6931471805599463,
        0.6931471805599445,
        0.6931471805599466
    ]
}