{
    "split2": [
        3.190166605437707,
        3.4825219502284344,
        3.708408009836659,
        3.8925315343949216,
        4.047956095867275,
        4.182435506217119,
        4.300951426678387,
        4.40689539304978,
        4.502681025057194,
        4.590087277226835
    ],
    "split3": [
        3.4006027334629314,
        3.6885506869851166,
        3.911814744406265,
        4.094200918458172,
        4.248390218418861,
        4.381946517168129,
        4.499746545659004,
        4.605119169918006,
        4.700438281202379,
        4.787456434125526
    ],
    "split4": [
        3.401197381662154,
        3.6888794541139402,
        3.912023005428145,
        4.094344562222102,
        4.248495242049361,
        4.382026634673871,
        4.499809670330272,
        4.605170185988082,
        4.700480365792416,
        4.787491742782056
    ],
    "split5": [
        3.401197381662154,
        3.6888794541139402,
        3.912023005428145,
        4.094344562222102,
        4.248495242049361,
        4.382026634673871,
        4.499809670330272,
        4.605170185988082,
        4.700480365792416,
        4.787491742782056
    ],
    "split6": [
        3.401197381662154,
        3.6888794541139402,
        3.912023005428145,
        4.094344562222102,
        4.248495242049361,
        4.382026634673871,
        4.499809670330272,
        4.605170185988082,
        4.700480365792416,
        4.787491742782056
    ],
    "split7": [
        3.401197381662154,
        3.6888794541139402,
        3.912023005428145,
        4.094344562222102,
        4.248495242049361,
        4.382026634673871,
        4.499809670330272,
        4.605170185988082,
        4.700480365792416,
        4.787491742782056
    ],
    "split8": [
        3.2299724645983474,
        3.5123657506102552,
        3.7322789629196587,
        3.912422084536484,
        4.06500412487266,
        4.1973519427521016,
        4.314210115532666,
        4.418827973474129,
        4.5135286618674835,
        4.600030828696388
    ],
    "split12": [
        2.70805020110221,
        2.995732273553991,
        3.2188758248681983,
        3.401197381662154,
        3.5553480614894135,
        3.6888794541139402,
        3.8066624897703174,
        3.912023005428145,
        4.007333185232473,
        4.094344562222102
    ],
    "split13": [
        2.70805020110221,
        2.995732273553991,
        3.2188758248681983,
        3.401197381662154,
        3.5553480614894135,
        3.6888794541139402,
        3.8066624897703174,
        3.912023005428145,
        4.007333185232473,
        4.094344562222102
    ],
    "split14": [
        3.141722090213734,
        3.45289239736187,
        3.66386306810324,
        3.8596430938161435,
        4.004950594123449,
        4.147913408774848,
        4.258773069884563,
        4.371393151533119,
        4.461019751392438,
        4.553932011124973
    ],
    "split15": [
        3.247693370660807,
        3.5299970119575783,
        3.7497159618909834,
        3.9436212291053794,
        4.094268570610713,
        4.225103164916936,
        4.349922240388207,
        4.452745937532054,
        4.54594419159644,
        4.6380061916575315
    ],
    "split16": [
        2.9954035064251743,
        3.2956589345718563,
        3.5262493924522844,
        3.6887993366081813,
        3.8500897989839107,
        3.988940413763555,
        4.094309253565586,
        4.204664355038305,
        4.304041965751159,
        4.382006856844824
    ],
    "split17": [
        3.135282643715174,
        3.4010687303236113,
        3.6375088278262218,
        3.8066060975610188,
        3.970252209231032,
        4.094313059159557,
        4.219483603634744,
        4.317468034402576,
        4.418824438625415,
        4.499795764628072
    ],
    "split18": [
        3.3521634187567524,
        3.637047827475572,
        3.858558618596437,
        4.040492327413581,
        4.193679907698541,
        4.326519658484044,
        4.444301632170464,
        4.549143097204334,
        4.644046891422409,
        4.731146736443983
    ],
    "split19": [
        3.3608304085715037,
        3.6464610503240458,
        3.868360888167305,
        4.049848113028854,
        4.2034003508884075,
        4.336481569326437,
        4.4539136822177126,
        4.558992967719351,
        4.654072726985676,
        4.740891865882059
    ],
    "split20": [
        3.2187403312944136,
        3.5262949304474316,
        3.73762440267736,
        3.911990089491081,
        4.077515123356896,
        4.2046748288876055,
        4.31747362192081,
        4.430805686129537,
        4.521779136710635,
        4.605162072754514
    ],
    "split21": [
        3.3857799386498426,
        3.6691000298330714,
        3.893938881808764,
        4.073888360344182,
        4.2293094015036825,
        4.3612290291323195,
        4.480022330733795,
        4.584166782973862,
        4.680314164665458,
        4.766350745596447
    ],
    "split22": [
        3.401197381662154,
        3.6888794541139402,
        3.912023005428145,
        4.094344562222102,
        4.248495242049361,
        4.382026634673871,
        4.499809670330272,
        4.605170185988082,
        4.700480365792416,
        4.787491742782056
    ],
    "split23": [
        3.401197381662154,
        3.6888794541139402,
        3.912023005428145,
        4.094344562222102,
        4.248495242049361,
        4.382026634673871,
        4.499809670330272,
        4.605170185988082,
        4.700480365792416,
        4.787491742782056
    ],
    "split24": [
        3.401197381662154,
        3.6888794541139402,
        3.912023005428145,
        4.094344562222102,
        4.248495242049361,
        4.382026634673871,
        4.499809670330272,
        4.605170185988082,
        4.700480365792416,
        4.787491742782056
    ]
}