{
    "split2": [
        3.8494122343219583,
        4.150351322804018,
        4.3813524830790795,
        4.568871596638332,
        4.726714538975013,
        4.863003904569968,
        4.9829253066401735,
        5.089992237756638,
        5.186695722053465,
        5.274866208116049
    ],
    "split3": [
        4.059848362347184,
        4.356380059560704,
        4.584759217648672,
        4.7705409807015755,
        4.927148661526588,
        5.062514915520968,
        5.1817204256208225,
        5.288216014624869,
        5.384452978198652,
        5.472235365014824
    ],
    "split4": [
        4.025351690735135,
        4.3307333402862795,
        4.564348191467764,
        4.753590191106543,
        4.912654885736306,
        5.049856007249834,
        5.1704839950379196,
        5.278114659230373,
        5.375278407683993,
        5.463831805026012
    ],
    "split5": [
        4.0943445622220835,
        4.3820266346739665,
        4.605170185987992,
        4.787491742782153,
        4.941642422609168,
        5.075173815233765,
        5.192956850890748,
        5.2983173665477885,
        5.393627546351818,
        5.480638923342699
    ],
    "split6": [
        4.718498871295044,
        5.023880520846264,
        5.257495372027911,
        5.446737371666573,
        5.6058020662956585,
        5.743003187809228,
        5.863631175599148,
        5.971261839791058,
        6.068425588244839,
        6.156978985586352
    ],
    "split7": [
        4.75359019110632,
        5.049856007249726,
        5.278114659230762,
        5.463831805025466,
        5.620400865716762,
        5.755742213587774,
        5.874930730852746,
        5.9814142112538455,
        6.077642243349054,
        6.165417854230039
    ],
    "split8": [
        4.265569479285911,
        4.558540338177588,
        4.78491422849655,
        4.9694142204676375,
        5.125133539785948,
        5.259848507155627,
        5.378556405687829,
        5.4846595790619475,
        5.580579250277331,
        5.66809983742754
    ],
    "split12": [
        2.7080502011021994,
        2.995732273554017,
        3.218875824868237,
        3.4011973816621905,
        3.5553480614894113,
        3.6888794541139402,
        3.8066624897701904,
        3.9120230054280625,
        4.007333185232595,
        4.0943445622219246
    ],
    "split13": [
        4.302924219317566,
        4.604137282244316,
        4.8353111688874035,
        5.022950179736713,
        5.180881564502645,
        5.317239006175715,
        5.4372144961919835,
        5.544325473834707,
        5.641065543275083,
        5.7292669139629915
    ],
    "split14": [
        3.7997549133742634,
        4.158220010799351,
        4.359261990023877,
        4.5797660530998385,
        4.716018368732677,
        4.875391088821226,
        4.978458755397263,
        5.1032699631753955,
        5.186157642648455,
        5.288735879092059
    ],
    "split15": [
        4.081640466973171,
        4.364089886177035,
        4.583865640811715,
        4.803755712882278,
        4.950809332557832,
        5.078924062354276,
        5.218689916767274,
        5.318160909053039,
        5.408599089816731,
        5.51107264225593
    ],
    "split16": [
        3.6461174086287502,
        3.98237346469226,
        4.234380024083914,
        4.360753955028858,
        4.539724775216803,
        4.691727019732971,
        4.773334035544496,
        4.895399588986034,
        5.004292838505199,
        5.064564563819344
    ],
    "split17": [
        4.056212724095355,
        4.292547187886778,
        4.559984129898679,
        4.70904062859417,
        4.893294013455251,
        5.002206891720771,
        5.142814635403783,
        5.228631424910399,
        5.3423299124497206,
        5.413136344854918
    ],
    "split18": [
        4.529326990761035,
        4.835200087932826,
        5.069133827454785,
        5.235408638253675,
        5.398309249525867,
        5.538306197420967,
        5.645211745755511,
        5.756318262078526,
        5.85626836897902,
        5.935067619498405
    ],
    "split19": [
        4.415271272439442,
        4.706763455655424,
        4.932208581125915,
        5.116070791535002,
        5.271324950930762,
        5.4056855786401385,
        5.524114528494868,
        5.6299923716198785,
        5.725726211044179,
        5.813090905655314
    ],
    "split20": [
        4.2863580330794715,
        4.637488052740783,
        4.8353010359133535,
        5.000453753986314,
        5.187893575244615,
        5.306644842187745,
        5.4128248166979125,
        5.540812756469653,
        5.625687250089514,
        5.703945657773427
    ],
    "split21": [
        4.227051091757479,
        4.571548833541841,
        4.763364017592048,
        4.97909620085572,
        5.110654738265952,
        5.267821677701987,
        5.367952511871985,
        5.491591990502206,
        5.572420815981248,
        5.674331685725508
    ],
    "split22": [
        3.6888794541139607,
        3.8712010109078445,
        4.158883083359634,
        4.382026634673908,
        4.477336814478369,
        4.644390899141407,
        4.7874917427819215,
        4.852030263919291,
        4.969813299575846,
        5.075173815233763
    ],
    "split23": [
        4.382026634673925,
        4.644390899141302,
        4.852030263919698,
        5.075173815233768,
        5.214935757608939,
        5.337538079701254,
        5.480638923342454,
        5.5759491031464385,
        5.662960480136249,
        5.7683209957925925
    ],
    "split24": [
        3.1780538303479418,
        3.4657359027997336,
        3.688879454113967,
        3.8712010109078188,
        4.025351690735248,
        4.1588830833596315,
        4.2766661190160615,
        4.3820266346738,
        4.477336814478246,
        4.564348191467925
    ]
}