{
    "split2": [
        3.190166605437708,
        3.4825219502284344,
        3.7084080098366585,
        3.8925315343949243,
        4.047956095867275,
        4.182435506217119,
        4.300951426678391,
        4.406895393049779,
        4.5026810250571945,
        4.590087277226833
    ],
    "split3": [
        3.400602733462935,
        3.688550686985121,
        3.91181474440626,
        4.094200918458168,
        4.248390218418862,
        4.381946517168128,
        4.499746545659001,
        4.605119169918008,
        4.700438281202381,
        4.787456434125542
    ],
    "split4": [
        3.401197381662154,
        3.6888794541139402,
        3.912023005428145,
        4.094344562222102,
        4.248495242049361,
        4.382026634673871,
        4.499809670330272,
        4.605170185988082,
        4.700480365792416,
        4.787491742782056
    ],
    "split5": [
        3.401197381662154,
        3.6888794541139402,
        3.912023005428145,
        4.094344562222102,
        4.248495242049361,
        4.382026634673871,
        4.499809670330272,
        4.605170185988082,
        4.700480365792416,
        4.787491742782056
    ],
    "split6": [
        3.401197381662154,
        3.6888794541139402,
        3.912023005428145,
        4.094344562222102,
        4.248495242049361,
        4.382026634673871,
        4.499809670330272,
        4.605170185988082,
        4.700480365792416,
        4.787491742782056
    ],
    "split7": [
        3.401197381662154,
        3.6888794541139402,
        3.912023005428145,
        4.094344562222102,
        4.248495242049361,
        4.382026634673871,
        4.499809670330272,
        4.605170185988082,
        4.700480365792416,
        4.787491742782056
    ],
    "split8": [
        3.2299724645983474,
        3.5123657506102552,
        3.7322789629196587,
        3.912422084536484,
        4.06500412487266,
        4.1973519427521016,
        4.314210115532666,
        4.418827973474129,
        4.5135286618674835,
        4.600030828696388
    ],
    "split12": [
        2.70805020110221,
        2.995732273553991,
        3.2188758248681983,
        3.401197381662154,
        3.5553480614894135,
        3.6888794541139402,
        3.8066624897703174,
        3.912023005428145,
        4.007333185232473,
        4.094344562222102
    ],
    "split13": [
        3.400602733462935,
        3.688550686985121,
        3.91181474440626,
        4.094200918458168,
        4.248390218418862,
        4.381946517168128,
        4.499746545659001,
        4.605119169918008,
        4.700438281202381,
        4.787456434125542
    ],
    "split14": [
        3.141722090213736,
        3.4528923973618744,
        3.663863068103243,
        3.8596430938161395,
        4.004950594123443,
        4.147913408774845,
        4.258773069884551,
        4.371393151533119,
        4.461019751392438,
        4.553932011124968
    ],
    "split15": [
        3.247693370660808,
        3.5299970119575765,
        3.7497159618909888,
        3.9436212291053825,
        4.094268570610717,
        4.2251031649169395,
        4.349922240388204,
        4.452745937532055,
        4.545944191596429,
        4.63800619165753
    ],
    "split16": [
        2.995403506425175,
        3.295658934571853,
        3.5262493924522835,
        3.6887993366081773,
        3.8500897989839116,
        3.9889404137635447,
        4.094309253565585,
        4.204664355038312,
        4.304041965751164,
        4.3820068568448205
    ],
    "split17": [
        3.135282643715173,
        3.401068730323613,
        3.6375088278262213,
        3.8066060975610188,
        3.970252209231033,
        4.0943130591595605,
        4.2194836036347425,
        4.317468034402585,
        4.418824438625406,
        4.49979576462808
    ],
    "split18": [
        3.346612753800107,
        3.6327664470215315,
        3.8550795209814326,
        4.037612974679822,
        4.191185698184608,
        4.3243208099378565,
        4.442359497832486,
        4.547384268654544,
        4.642440162833424,
        4.729681749059158
    ],
    "split19": [
        3.3608304085715037,
        3.6464610503240458,
        3.868360888167305,
        4.049848113028854,
        4.2034003508884075,
        4.336481569326437,
        4.4539136822177126,
        4.558992967719351,
        4.654072726985676,
        4.740891865882059
    ],
    "split20": [
        3.218740331294414,
        3.5262949304474303,
        3.7376244026773593,
        3.9119900894910797,
        4.077515123356897,
        4.2046748288876055,
        4.3174736219208105,
        4.4308056861295375,
        4.521779136710638,
        4.605162072754514
    ],
    "split21": [
        3.3857799386498426,
        3.6691000298330714,
        3.893938881808764,
        4.073888360344182,
        4.2293094015036825,
        4.3612290291323195,
        4.480022330733795,
        4.584166782973862,
        4.680314164665458,
        4.766350745596447
    ],
    "split22": [
        3.401197381662154,
        3.6888794541139402,
        3.912023005428145,
        4.094344562222102,
        4.248495242049361,
        4.382026634673871,
        4.499809670330272,
        4.605170185988082,
        4.700480365792416,
        4.787491742782056
    ],
    "split23": [
        3.401197381662154,
        3.6888794541139402,
        3.912023005428145,
        4.094344562222102,
        4.248495242049361,
        4.382026634673871,
        4.499809670330272,
        4.605170185988082,
        4.700480365792416,
        4.787491742782056
    ],
    "split24": [
        3.401197381662154,
        3.6888794541139402,
        3.912023005428145,
        4.094344562222102,
        4.248495242049361,
        4.382026634673871,
        4.499809670330272,
        4.605170185988082,
        4.700480365792416,
        4.787491742782056
    ]
}