{
    "split2": [
        3.8494122343219583,
        4.150351322804027,
        4.381352483079087,
        4.5688715966383455,
        4.726714538975031,
        4.863003904569979,
        4.982925306640157,
        5.089992237756614,
        5.18669572205351,
        5.274866208116042
    ],
    "split3": [
        4.059848362347186,
        4.356380059560698,
        4.5847592176486724,
        4.770540980701579,
        4.927148661526595,
        5.062514915520976,
        5.181720425620821,
        5.28821601462487,
        5.384452978198652,
        5.472235365014822
    ],
    "split4": [
        4.025351690735135,
        4.3307333402862795,
        4.564348191467764,
        4.753590191106543,
        4.912654885736306,
        5.049856007249834,
        5.1704839950379196,
        5.278114659230373,
        5.375278407683993,
        5.463831805026012
    ],
    "split5": [
        4.0943445622220835,
        4.3820266346739665,
        4.605170185987992,
        4.787491742782153,
        4.941642422609168,
        5.075173815233765,
        5.192956850890748,
        5.2983173665477885,
        5.393627546351818,
        5.480638923342699
    ],
    "split6": [
        4.718498871295044,
        5.023880520846264,
        5.257495372027911,
        5.446737371666573,
        5.6058020662956585,
        5.743003187809228,
        5.863631175599148,
        5.971261839791058,
        6.068425588244839,
        6.156978985586352
    ],
    "split7": [
        4.75359019110632,
        5.049856007249726,
        5.278114659230762,
        5.463831805025466,
        5.620400865716762,
        5.755742213587774,
        5.874930730852746,
        5.9814142112538455,
        6.077642243349054,
        6.165417854230039
    ],
    "split8": [
        4.265569479285911,
        4.558540338177588,
        4.78491422849655,
        4.9694142204676375,
        5.125133539785948,
        5.259848507155627,
        5.378556405687829,
        5.4846595790619475,
        5.580579250277331,
        5.66809983742754
    ],
    "split12": [
        2.7080502011021994,
        2.995732273554017,
        3.218875824868237,
        3.4011973816621905,
        3.5553480614894113,
        3.6888794541139402,
        3.8066624897701904,
        3.9120230054280625,
        4.007333185232595,
        4.0943445622219246
    ],
    "split13": [
        3.610371686956837,
        3.9113188688132094,
        4.142372249349352,
        4.329946642940757,
        4.487839407573318,
        4.624171943121586,
        4.744130440303256,
        4.851229309344862,
        4.9479604473052685,
        5.036155042059132
    ],
    "split14": [
        3.7997549133742505,
        4.158220010799373,
        4.359261990023844,
        4.579766053099802,
        4.71601836873255,
        4.875391088821529,
        4.9784587553975275,
        5.103269963175013,
        5.186157642647679,
        5.288735879092054
    ],
    "split15": [
        4.081640466973176,
        4.364089886176985,
        4.58386564081175,
        4.803755712882459,
        4.95080933255805,
        5.078924062353895,
        5.218689916767409,
        5.318160909053486,
        5.408599089817133,
        5.511072642256247
    ],
    "split16": [
        3.6461174086287422,
        3.982373464692269,
        4.234380024083958,
        4.360753955029157,
        4.539724775216804,
        4.691727019733323,
        4.773334035544829,
        4.895399588986265,
        5.004292838504032,
        5.0645645638200385
    ],
    "split17": [
        4.056212724095344,
        4.292547187886709,
        4.5599841298988,
        4.709040628594007,
        4.89329401345489,
        5.002206891720953,
        5.1428146354041315,
        5.228631424910811,
        5.342329912449807,
        5.4131363448564995
    ],
    "split18": [
        4.53487765571768,
        4.839481468386877,
        5.072612925069789,
        5.238287990987444,
        5.4008034590397935,
        5.540505045967144,
        5.647153880093492,
        5.7580770906283245,
        5.857875097568033,
        5.936532606883235
    ],
    "split19": [
        4.415271272439442,
        4.706763455655424,
        4.932208581125915,
        5.116070791535002,
        5.271324950930762,
        5.4056855786401385,
        5.524114528494868,
        5.6299923716198785,
        5.725726211044179,
        5.813090905655314
    ],
    "split20": [
        4.286358033079508,
        4.637488052740753,
        4.835301035913263,
        5.000453753986347,
        5.187893575244561,
        5.306644842187997,
        5.412824816698177,
        5.540812756469493,
        5.625687250089742,
        5.703945657772766
    ],
    "split21": [
        4.227051091757479,
        4.571548833541841,
        4.763364017592048,
        4.97909620085572,
        5.110654738265952,
        5.267821677701987,
        5.367952511871985,
        5.491591990502206,
        5.572420815981248,
        5.674331685725508
    ],
    "split22": [
        3.6888794541139607,
        3.8712010109078445,
        4.158883083359634,
        4.382026634673908,
        4.477336814478369,
        4.644390899141407,
        4.7874917427819215,
        4.852030263919291,
        4.969813299575846,
        5.075173815233763
    ],
    "split23": [
        4.382026634673925,
        4.644390899141302,
        4.852030263919698,
        5.075173815233768,
        5.214935757608939,
        5.337538079701254,
        5.480638923342454,
        5.5759491031464385,
        5.662960480136249,
        5.7683209957925925
    ],
    "split24": [
        3.1780538303479418,
        3.4657359027997336,
        3.688879454113967,
        3.8712010109078188,
        4.025351690735248,
        4.1588830833596315,
        4.2766661190160615,
        4.3820266346738,
        4.477336814478246,
        4.564348191467925
    ]
}