{
    "split2": [
        3.1901666054377085,
        3.482521950228434,
        3.7084080098366585,
        3.892531534394924,
        4.047956095867275,
        4.18243550621712,
        4.300951426678389,
        4.40689539304978,
        4.502681025057194,
        4.590087277226837
    ],
    "split3": [
        3.400602733462933,
        3.6885506869851277,
        3.911814744406261,
        4.09420091845818,
        4.248390218418854,
        4.381946517168135,
        4.499746545659007,
        4.605119169918016,
        4.700438281202379,
        4.787456434125543
    ],
    "split4": [
        2.708050201102211,
        2.9957322735539917,
        3.218875824868198,
        3.401197381662157,
        3.5553480614894135,
        3.6888794541139363,
        3.806662489770329,
        3.912023005428147,
        4.007333185232463,
        4.094344562222093
    ],
    "split5": [
        2.708050201102211,
        2.995732273553992,
        3.2188758248681966,
        3.40119738166216,
        3.555348061489407,
        3.688879454113932,
        3.806662489770316,
        3.912023005428151,
        4.007333185232467,
        4.094344562222112
    ],
    "split6": [
        3.1965683453174605,
        3.4873347851485805,
        3.7122626391760196,
        3.895745739763003,
        4.050712189102671,
        4.1848476997125355,
        4.303095977115532,
        4.408825735347036,
        4.504436049803492,
        4.591696168440211
    ],
    "split7": [
        3.190166605437708,
        3.4825219502284344,
        3.7084080098366585,
        3.8925315343949243,
        4.047956095867275,
        4.182435506217118,
        4.30095142667839,
        4.406895393049778,
        4.5026810250571945,
        4.5900872772268375
    ],
    "split8": [
        3.2299724645983483,
        3.512365750610254,
        3.7322789629196595,
        3.9124220845364848,
        4.065004124872659,
        4.197351942752102,
        4.314210115532668,
        4.418827973474129,
        4.513528661867484,
        4.60003082869639
    ],
    "split12": [
        2.708050201102211,
        2.995732273553992,
        3.2188758248681966,
        3.40119738166216,
        3.555348061489407,
        3.688879454113932,
        3.806662489770316,
        3.912023005428151,
        4.007333185232467,
        4.094344562222112
    ],
    "split13": [
        3.0543264672825727,
        3.342141480269555,
        3.5653452846372304,
        3.7476991500601566,
        3.9018691399541394,
        4.0354129856410355,
        4.153204517714664,
        4.25857108767308,
        4.353885733217412,
        4.4409004981738205
    ],
    "split14": [
        3.1417220902137326,
        3.4528923973618695,
        3.6638630681032422,
        3.859643093816138,
        4.004950594123449,
        4.147913408774833,
        4.258773069884537,
        4.37139315153311,
        4.461019751392435,
        4.553932011124974
    ],
    "split15": [
        3.247693370660809,
        3.529997011957581,
        3.7497159618909937,
        3.9436212291053856,
        4.094268570610718,
        4.22510316491695,
        4.3499222403882145,
        4.4527459375320735,
        4.545944191596423,
        4.638006191657544
    ],
    "split16": [
        2.995403506425177,
        3.295658934571853,
        3.526249392452286,
        3.6887993366081804,
        3.850089798983903,
        3.988940413763553,
        4.0943092535655925,
        4.204664355038297,
        4.3040419657511535,
        4.3820068568448285
    ],
    "split17": [
        3.1352826437151777,
        3.4010687303236136,
        3.637508827826221,
        3.806606097561028,
        3.970252209231043,
        4.094313059159557,
        4.219483603634733,
        4.317468034402576,
        4.418824438625407,
        4.499795764628063
    ],
    "split18": [
        3.016680347679304,
        3.3116299213512734,
        3.5390257336437903,
        3.699409091906338,
        3.8591933008725507,
        3.996910121836581,
        4.101376216745543,
        4.211030093713108,
        4.3098322281854085,
        4.38730477354561
    ],
    "split19": [
        2.8900134557383335,
        3.1778545057201373,
        3.4010706540819515,
        3.5834313186333686,
        3.737605445552122,
        3.871151993565909,
        3.9889453871837044,
        4.09431329360094,
        4.189628930874447,
        4.276644451925638
    ],
    "split20": [
        3.218740331294412,
        3.5262949304474316,
        3.73762440267736,
        3.9119900894910877,
        4.077515123356903,
        4.204674828887611,
        4.317473621920803,
        4.430805686129535,
        4.521779136710632,
        4.605162072754493
    ],
    "split21": [
        2.899626163426842,
        3.2402704118886323,
        3.435642703011772,
        3.6478144661884175,
        3.782211156621273,
        3.936496873931558,
        4.038965076630895,
        4.160226667738349,
        4.2430358356117575,
        4.342932787807639
    ],
    "split22": [
        3.401197381662155,
        3.6888794541139327,
        3.9120230054281406,
        4.094344562222099,
        4.248495242049352,
        4.38202663467388,
        4.499809670330273,
        4.6051701859880785,
        4.700480365792422,
        4.78749174278202
    ],
    "split23": [
        3.372059605875758,
        3.6535936952082175,
        3.8844075236919595,
        4.065664234931191,
        4.216344110952631,
        4.354124043136064,
        4.471214096024,
        4.574169662131583,
        4.672425053626792,
        4.758925835013059
    ],
    "split24": [
        3.401197381662155,
        3.6888794541139407,
        3.9120230054281406,
        4.094344562222099,
        4.248495242049345,
        4.38202663467388,
        4.499809670330273,
        4.605170185988067,
        4.700480365792422,
        4.78749174278202
    ]
}