{
    "split2": [
        0.16064298830811674,
        0.12755918928189985,
        0.1064433195027245,
        0.09169912985928291,
        0.0807728549198405,
        0.07232516654243216,
        0.06558285314106196,
        0.06006687715946012,
        0.05546391740402883,
        0.05156003314219924
    ],
    "split3": [
        0.16064298830811674,
        0.12755918928189985,
        0.1064433195027245,
        0.09169912985928291,
        0.0807728549198405,
        0.07232516654243216,
        0.06558285314106196,
        0.06006687715946012,
        0.05546391740402883,
        0.05156003314219924
    ],
    "split4": [
        0.11393016326928633,
        0.0927127572165433,
        0.07864131271578105,
        0.06856636653052464,
        0.06096356036643424,
        0.05500273099100257,
        0.05019155995423366,
        0.04621872947354551,
        0.042877273927102354,
        0.040023968967679964
    ],
    "split5": [
        0.14001527622573914,
        0.11171048273563036,
        0.09357076487083225,
        0.08085906143162427,
        0.07140947369793837,
        0.064083481430736,
        0.05822228708191854,
        0.05341683869389829,
        0.04939903727328634,
        0.04598546784595471
    ],
    "split6": [
        0.13600645962000696,
        0.10937636554292253,
        0.09203624875655202,
        0.07976987346233595,
        0.07059443067381642,
        0.06344954179348768,
        0.05771443374035,
        0.05300040581941167,
        0.049051070362632905,
        0.04569014827439091
    ],
    "split7": [
        0.16064298830811674,
        0.12755918928189985,
        0.1064433195027245,
        0.09169912985928291,
        0.0807728549198405,
        0.07232516654243216,
        0.06558285314106196,
        0.06006687715946012,
        0.05546391740402883,
        0.05156003314219924
    ],
    "split9": [
        0.14001527622573914,
        0.11171048273563036,
        0.09357076487083225,
        0.08085906143162427,
        0.07140947369793837,
        0.064083481430736,
        0.05822228708191854,
        0.05341683869389829,
        0.04939903727328634,
        0.04598546784595471
    ]
}