{
    "split2": [
        3.1901666054377085,
        3.482521950228434,
        3.7084080098366585,
        3.892531534394924,
        4.047956095867276,
        4.18243550621712,
        4.300951426678388,
        4.406895393049779,
        4.502681025057193,
        4.590087277226833
    ],
    "split3": [
        3.400602733462933,
        3.688550686985125,
        3.911814744406262,
        4.094200918458183,
        4.248390218418854,
        4.381946517168137,
        4.499746545659009,
        4.605119169918018,
        4.700438281202379,
        4.787456434125548
    ],
    "split4": [
        2.708050201102211,
        2.9957322735539917,
        3.218875824868198,
        3.401197381662157,
        3.5553480614894135,
        3.6888794541139363,
        3.806662489770329,
        3.912023005428147,
        4.007333185232463,
        4.094344562222093
    ],
    "split5": [
        2.708050201102211,
        2.995732273553992,
        3.2188758248681966,
        3.40119738166216,
        3.555348061489407,
        3.688879454113932,
        3.806662489770316,
        3.912023005428151,
        4.007333185232467,
        4.094344562222112
    ],
    "split6": [
        3.1965683453174605,
        3.4873347851485805,
        3.7122626391760196,
        3.895745739763003,
        4.050712189102671,
        4.1848476997125355,
        4.303095977115532,
        4.408825735347036,
        4.504436049803492,
        4.591696168440211
    ],
    "split7": [
        3.190166605437708,
        3.4825219502284344,
        3.7084080098366585,
        3.8925315343949243,
        4.047956095867275,
        4.182435506217118,
        4.300951426678389,
        4.406895393049776,
        4.5026810250571945,
        4.590087277226834
    ],
    "split8": [
        3.2299724645983483,
        3.512365750610254,
        3.7322789629196595,
        3.9124220845364848,
        4.065004124872659,
        4.197351942752102,
        4.314210115532668,
        4.418827973474129,
        4.513528661867484,
        4.60003082869639
    ],
    "split12": [
        2.708050201102211,
        2.995732273553992,
        3.2188758248681966,
        3.40119738166216,
        3.555348061489407,
        3.688879454113932,
        3.806662489770316,
        3.912023005428151,
        4.007333185232467,
        4.094344562222112
    ],
    "split13": [
        2.7080502011022114,
        2.9957322735539917,
        3.2188758248682023,
        3.401197381662153,
        3.55534806148941,
        3.6888794541139402,
        3.8066624897703245,
        3.912023005428152,
        4.007333185232465,
        4.094344562222102
    ],
    "split14": [
        3.1417220902137326,
        3.452892397361871,
        3.663863068103245,
        3.859643093816141,
        4.004950594123448,
        4.147913408774831,
        4.258773069884537,
        4.371393151533112,
        4.461019751392433,
        4.553932011124981
    ],
    "split15": [
        3.247693370660809,
        3.5299970119575788,
        3.7497159618909945,
        3.9436212291053843,
        4.094268570610717,
        4.225103164916942,
        4.34992224038821,
        4.45274593753207,
        4.545944191596422,
        4.638006191657541
    ],
    "split16": [
        2.995403506425177,
        3.2956589345718537,
        3.5262493924522835,
        3.6887993366081804,
        3.8500897989839014,
        3.988940413763554,
        4.0943092535655925,
        4.204664355038297,
        4.304041965751156,
        4.382006856844827
    ],
    "split17": [
        3.1352826437151773,
        3.401068730323614,
        3.637508827826222,
        3.8066060975610267,
        3.970252209231041,
        4.094313059159556,
        4.2194836036347345,
        4.317468034402576,
        4.41882443862541,
        4.499795764628064
    ],
    "split18": [
        3.016680347679304,
        3.311629921351274,
        3.5390257336437876,
        3.699409091906338,
        3.859193300872549,
        3.9969101218365823,
        4.101376216745543,
        4.21103009371311,
        4.309832228185411,
        4.387304773545608
    ],
    "split19": [
        2.8900134557383343,
        3.177854505720138,
        3.4010706540819524,
        3.5834313186333695,
        3.737605445552123,
        3.87115199356591,
        3.988945387183705,
        4.09431329360094,
        4.189628930874446,
        4.276644451925642
    ],
    "split20": [
        3.218740331294412,
        3.526294930447432,
        3.7376244026773593,
        3.9119900894910873,
        4.077515123356903,
        4.204674828887608,
        4.317473621920806,
        4.430805686129537,
        4.521779136710633,
        4.605162072754497
    ],
    "split21": [
        2.8996261634268423,
        3.2402704118886345,
        3.4356427030117693,
        3.6478144661884184,
        3.782211156621273,
        3.9364968739315596,
        4.038965076630898,
        4.160226667738353,
        4.243035835611752,
        4.342932787807637
    ],
    "split22": [
        3.401197381662155,
        3.6888794541139327,
        3.9120230054281406,
        4.094344562222099,
        4.248495242049352,
        4.38202663467388,
        4.499809670330273,
        4.6051701859880785,
        4.700480365792422,
        4.78749174278202
    ],
    "split23": [
        3.372059605875758,
        3.6535936952082184,
        3.8844075236919595,
        4.065664234931192,
        4.216344110952633,
        4.354124043136062,
        4.471214096024001,
        4.574169662131583,
        4.6724250536267915,
        4.758925835013058
    ],
    "split24": [
        3.401197381662155,
        3.6888794541139407,
        3.9120230054281406,
        4.094344562222099,
        4.248495242049345,
        4.38202663467388,
        4.499809670330273,
        4.605170185988067,
        4.700480365792422,
        4.78749174278202
    ]
}