{
    "split2": [
        3.190166605437708,
        3.4825219502284344,
        3.7084080098366585,
        3.8925315343949243,
        4.047956095867275,
        4.182435506217118,
        4.30095142667839,
        4.406895393049778,
        4.5026810250571945,
        4.5900872772268375
    ],
    "split3": [
        3.400602733462933,
        3.688550686985123,
        3.9118147444062603,
        4.09420091845818,
        4.248390218418864,
        4.381946517168135,
        4.499746545659014,
        4.605119169918016,
        4.700438281202385,
        4.787456434125543
    ],
    "split4": [
        2.708050201102211,
        2.9957322735539917,
        3.218875824868198,
        3.401197381662157,
        3.5553480614894135,
        3.6888794541139363,
        3.806662489770329,
        3.912023005428147,
        4.007333185232463,
        4.094344562222093
    ],
    "split5": [
        2.708050201102211,
        2.995732273553992,
        3.2188758248681966,
        3.40119738166216,
        3.555348061489407,
        3.688879454113932,
        3.806662489770316,
        3.912023005428151,
        4.007333185232467,
        4.094344562222112
    ],
    "split6": [
        3.1965683453174605,
        3.4873347851485805,
        3.7122626391760196,
        3.895745739763003,
        4.050712189102671,
        4.1848476997125355,
        4.303095977115532,
        4.408825735347036,
        4.504436049803492,
        4.591696168440211
    ],
    "split7": [
        3.1901666054377085,
        3.482521950228434,
        3.7084080098366585,
        3.892531534394924,
        4.047956095867275,
        4.18243550621712,
        4.300951426678389,
        4.40689539304978,
        4.502681025057194,
        4.590087277226837
    ],
    "split8": [
        3.2299724645983483,
        3.512365750610254,
        3.7322789629196595,
        3.9124220845364848,
        4.065004124872659,
        4.197351942752102,
        4.314210115532668,
        4.418827973474129,
        4.513528661867484,
        4.60003082869639
    ],
    "split12": [
        2.708050201102211,
        2.995732273553992,
        3.2188758248681966,
        3.40119738166216,
        3.555348061489407,
        3.688879454113932,
        3.806662489770316,
        3.912023005428151,
        4.007333185232467,
        4.094344562222112
    ],
    "split13": [
        3.400602733462933,
        3.688550686985123,
        3.9118147444062603,
        4.09420091845818,
        4.248390218418864,
        4.381946517168135,
        4.499746545659014,
        4.605119169918016,
        4.700438281202385,
        4.787456434125543
    ],
    "split14": [
        3.1417220902137317,
        3.4528923973618717,
        3.6638630681032436,
        3.8596430938161435,
        4.004950594123449,
        4.147913408774836,
        4.258773069884537,
        4.371393151533104,
        4.461019751392426,
        4.553932011124977
    ],
    "split15": [
        3.2476933706608118,
        3.5299970119575788,
        3.7497159618909937,
        3.9436212291053856,
        4.094268570610718,
        4.225103164916946,
        4.349922240388201,
        4.452745937532067,
        4.5459441915964165,
        4.638006191657526
    ],
    "split16": [
        2.995403506425177,
        3.295658934571853,
        3.526249392452286,
        3.6887993366081804,
        3.8500897989839022,
        3.988940413763553,
        4.094309253565591,
        4.204664355038303,
        4.304041965751163,
        4.3820068568448205
    ],
    "split17": [
        3.1352826437151777,
        3.401068730323611,
        3.6375088278262284,
        3.806606097561028,
        3.9702522092310373,
        4.09431305915956,
        4.219483603634741,
        4.317468034402568,
        4.418824438625409,
        4.49979576462807
    ],
    "split18": [
        2.9955699707941976,
        3.2957487628365856,
        3.5263053945366067,
        3.6888396473028977,
        3.8501188582060437,
        3.9889623354118773,
        4.094326981761338,
        4.20467854093713,
        4.304053569739863,
        4.382016776759097
    ],
    "split19": [
        2.8900134557383335,
        3.1778545057201364,
        3.4010706540819515,
        3.5834313186333677,
        3.7376054455521226,
        3.871151993565909,
        3.9889453871837044,
        4.09431329360094,
        4.189628930874453,
        4.276644451925622
    ],
    "split20": [
        3.2187403312944114,
        3.5262949304474316,
        3.737624402677358,
        3.911990089491084,
        4.077515123356905,
        4.204674828887611,
        4.317473621920809,
        4.430805686129537,
        4.521779136710639,
        4.605162072754493
    ],
    "split21": [
        2.8996261634268388,
        3.240270411888632,
        3.435642703011772,
        3.6478144661884175,
        3.782211156621274,
        3.9364968739315582,
        4.03896507663088,
        4.1602266677383355,
        4.243035835611758,
        4.342932787807639
    ],
    "split22": [
        3.401197381662155,
        3.6888794541139327,
        3.9120230054281406,
        4.094344562222099,
        4.248495242049352,
        4.38202663467388,
        4.499809670330273,
        4.6051701859880785,
        4.700480365792422,
        4.78749174278202
    ],
    "split23": [
        3.372059605875758,
        3.6535936952082175,
        3.8844075236919604,
        4.065664234931192,
        4.216344110952632,
        4.354124043136062,
        4.471214096024001,
        4.574169662131581,
        4.672425053626794,
        4.758925835013065
    ],
    "split24": [
        3.401197381662155,
        3.6888794541139407,
        3.9120230054281406,
        4.094344562222099,
        4.248495242049345,
        4.38202663467388,
        4.499809670330273,
        4.605170185988067,
        4.700480365792422,
        4.78749174278202
    ]
}