{
    "split2": [
        0.21103077622444816,
        0.2063575038855019,
        0.20361499559148644,
        0.20181302782717744,
        0.20053914618208346,
        0.1995911284567629,
        0.1988582436518762,
        0.19827479293831263,
        0.1977993407352221,
        0.19740446555521196
    ],
    "split3": [
        0.0005946481992220216,
        0.00032876712881649327,
        0.00020826102188428933,
        0.00014364376392762883,
        0.0001050236304970914,
        8.011750575499003e-05,
        6.312467126478983e-05,
        5.101607008273035e-05,
        4.208459003765307e-05,
        3.530865651247682e-05
    ],
    "split4": [
        0.6931471805599454,
        0.6931471805599453,
        0.6931471805599448,
        0.6931471805599451,
        0.693147180559946,
        0.6931471805599453,
        0.6931471805599441,
        0.6931471805599461,
        0.6931471805599442,
        0.693147180559946
    ],
    "split5": [
        0.6931471805599454,
        0.6931471805599453,
        0.6931471805599448,
        0.6931471805599451,
        0.693147180559946,
        0.6931471805599453,
        0.6931471805599441,
        0.6931471805599461,
        0.6931471805599442,
        0.693147180559946
    ],
    "split6": [
        0.20462903634469565,
        0.20154466896535503,
        0.19976036625212565,
        0.19859882245909757,
        0.19778305294668885,
        0.19717893496134503,
        0.19671369321473064,
        0.19634445064105396,
        0.19604431598892352,
        0.19579557434183556
    ],
    "split7": [
        0.21103077622444816,
        0.2063575038855019,
        0.20361499559148646,
        0.20181302782717744,
        0.20053914618208346,
        0.1995911284567629,
        0.1988582436518762,
        0.19827479293831263,
        0.1977993407352221,
        0.19740446555521196
    ],
    "split9": [
        0.0,
        0.0,
        0.0,
        0.0,
        0.0,
        0.0,
        0.0,
        0.0,
        0.0,
        0.0
    ]
}