{
    "split2": [
        6.075346031088622,
        6.659293919683772,
        7.110696122978632,
        7.478734825567826,
        7.7894545660875,
        8.058327306581816,
        8.29529885950237,
        8.507142855564274,
        8.698681067464365,
        8.873468055333719
    ],
    "split3": [
        6.075346031088622,
        6.659293919683772,
        7.110696122978632,
        7.478734825567826,
        7.7894545660875,
        8.058327306581816,
        8.29529885950237,
        8.507142855564274,
        8.698681067464365,
        8.873468055333719
    ],
    "split4": [
        5.347107530717514,
        5.940171252720489,
        6.396929655216293,
        6.768493211648352,
        7.081708586105708,
        7.352441100243218,
        7.590852123688269,
        7.80384330353904,
        7.996317231797313,
        8.171882006127007
    ],
    "split5": [
        5.416100402204451,
        5.991464547108013,
        6.4377516497363105,
        6.802394763324563,
        7.110696122978632,
        7.377758908228168,
        7.61332497954078,
        7.824046010855913,
        8.0146663704643,
        8.188689124443224
    ],
    "split9": [
        6.109247582764345,
        6.68461172766815,
        7.1308988302964655,
        7.4955419438839614,
        7.80384330353904,
        8.070906088788657,
        8.306472160100673,
        8.51719319141768,
        8.707813551025993,
        8.881836305005466
    ],
    "split6": [
        6.040254711277382,
        6.633318433280497,
        7.09007683577597,
        7.4616403922089045,
        7.774855766665152,
        8.045588280802303,
        8.283999304249255,
        8.496990484097347,
        8.689464412358372,
        8.865029186685122
    ],
    "split7": [
        6.075346031088622,
        6.659293919683772,
        7.110696122978632,
        7.478734825567826,
        7.7894545660875,
        8.058327306581816,
        8.29529885950237,
        8.507142855564274,
        8.698681067464365,
        8.873468055333719
    ]
}