{
    "split2": [
        3.1901666054377067,
        3.482521950228435,
        3.70840800983666,
        3.892531534394922,
        4.047956095867276,
        4.1824355062171215,
        4.300951426678391,
        4.40689539304978,
        4.502681025057193,
        4.590087277226832
    ],
    "split3": [
        3.4006027334629296,
        3.688550686985118,
        3.9118147444062563,
        4.094200918458174,
        4.248390218418852,
        4.38194651716813,
        4.499746545659,
        4.605119169918021,
        4.700438281202379,
        4.787456434125543
    ],
    "split4": [
        2.7080502011022087,
        2.995732273553991,
        3.2188758248681966,
        3.401197381662159,
        3.5553480614894135,
        3.6888794541139425,
        3.806662489770317,
        3.912023005428145,
        4.007333185232461,
        4.09434456222209
    ],
    "split5": [
        2.7080502011022087,
        2.995732273553991,
        3.2188758248681966,
        3.401197381662159,
        3.5553480614894135,
        3.6888794541139425,
        3.806662489770317,
        3.912023005428145,
        4.007333185232461,
        4.09434456222209
    ],
    "split6": [
        3.196568345317459,
        3.4873347851485823,
        3.7122626391760196,
        3.8957457397630026,
        4.050712189102669,
        4.184847699712538,
        4.303095977115533,
        4.408825735347041,
        4.504436049803492,
        4.591696168440209
    ],
    "split7": [
        3.1901666054377067,
        3.482521950228435,
        3.7084080098366594,
        3.892531534394922,
        4.047956095867276,
        4.1824355062171215,
        4.300951426678391,
        4.406895393049779,
        4.502681025057193,
        4.590087277226832
    ],
    "split9": [
        3.401197381662159,
        3.6888794541139425,
        3.912023005428145,
        4.09434456222209,
        4.24849524204935,
        4.382026634673873,
        4.499809670330276,
        4.605170185988078,
        4.700480365792396,
        4.787491742782061
    ]
}