{
    "split2": [
        2.885179425650978,
        3.1767719694551815,
        3.402288113142154,
        3.586203291172942,
        3.741498470219376,
        3.8758918003638034,
        3.9943474328240445,
        4.100247462512974,
        4.1960000424043535,
        4.283380778106635
    ],
    "split3": [
        2.674743297625742,
        2.97074323269854,
        3.1988813785724797,
        3.3845339071098093,
        3.5410643476675436,
        3.6763807894127134,
        3.7955523138438716,
        3.9020236856449806,
        3.998242786259258,
        4.086011621207691
    ],
    "split4": [
        2.639057329615276,
        2.9444389791664847,
        3.178053830347866,
        3.3672958299866083,
        3.526360524616227,
        3.6635616461297693,
        3.784189633918151,
        3.8918202981109538,
        3.988984046564563,
        4.077537443906224
    ],
    "split5": [
        2.7080502011021976,
        2.995732273554028,
        3.2188758248681526,
        3.4011973816622523,
        3.555348061489198,
        3.688879454113822,
        3.8066624897705883,
        3.9120230054283494,
        4.007333185232652,
        4.094344562221724
    ],
    "split6": [
        3.3322045101752518,
        3.6375861597262777,
        3.8712010109077966,
        4.06044301054668,
        4.21950770517642,
        4.3567088266899425,
        4.477336814478213,
        4.584967478671054,
        4.682131227125549,
        4.770684624467381
    ],
    "split7": [
        3.367295829986529,
        3.6635616461296467,
        3.8918202981106376,
        4.07753744390549,
        4.234106504597292,
        4.369447852466747,
        4.488636369732302,
        4.5951198501351005,
        4.691347882229943,
        4.779123493112104
    ],
    "split8": [
        2.8792751181660172,
        3.17224597705765,
        3.3986198673766643,
        3.583119859347755,
        3.738839178666075,
        3.8735541460356684,
        3.9922620445678767,
        4.0983652179421135,
        4.194284889157331,
        4.281805476307593
    ],
    "split12": [
        2.7080502011021994,
        2.995732273554017,
        3.218875824868237,
        3.4011973816621905,
        3.5553480614894113,
        3.6888794541139402,
        3.8066624897701904,
        3.9120230054280625,
        4.007333185232595,
        4.0943445622219246
    ],
    "split13": [
        3.367295829986462,
        3.6635616461295983,
        3.891820298110658,
        4.0775374439055945,
        4.2341065045972215,
        4.369447852466801,
        4.488636369731964,
        4.595119850134968,
        4.691347882228846,
        4.779123493111058
    ],
    "split14": [
        2.7360136915658915,
        3.069200400808334,
        3.2753908779383245,
        3.4831360955156554,
        3.6240532955294964,
        3.775072549936122,
        3.882125390723135,
        4.000774267832945,
        4.087090542658586,
        4.18480345023896
    ],
    "split15": [
        2.9260927332411586,
        3.209339615399629,
        3.429592007613023,
        3.637078523119015,
        3.786157773681504,
        3.9157952956910074,
        4.048487415037847,
        4.149707097835134,
        4.2415814339368305,
        4.339140293150825
    ],
    "split16": [
        2.9707432326985383,
        3.276623608122122,
        3.5107782222338635,
        3.6763807894127862,
        3.839281308545774,
        3.9793790862490375,
        4.0860116212078035,
        4.197117984866448,
        4.2971246594414625,
        4.375776799489201
    ],
    "split17": [
        3.1049932014556103,
        3.378853177148677,
        3.6194938792658053,
        3.7917932317629166,
        3.957432836384802,
        4.0832027646862095,
        4.209533896877792,
        4.308579561925035,
        4.410694656155232,
        4.492388597545009
    ],
    "split18": [
        3.1443892278283943,
        3.4499571133210805,
        3.6836962191963085,
        3.849767499163189,
        4.012589002049656,
        4.152523345059067,
        4.259347456930959,
        4.3704184119819285,
        4.470338130204522,
        4.5490938065215385
    ],
    "split19": [
        3.0289769113195852,
        3.320469094535614,
        3.5459142200060603,
        3.729776430415003,
        3.885030589810943,
        4.019391217520773,
        4.137820167375511,
        4.243698010499672,
        4.339431849925171,
        4.426796544536145
    ],
    "split20": [
        3.18648812673642,
        3.5019065016104833,
        3.7182522848145756,
        3.895926539435308,
        4.063674670100922,
        4.192608065855756,
        4.30677864178843,
        4.4211439851240675,
        4.513016662750875,
        4.59714612752529
    ],
    "split21": [
        2.840756730637629,
        3.185254472421903,
        3.377069656472202,
        3.5928018397358046,
        3.724360377145931,
        3.881527316582072,
        3.981658150752537,
        4.105297629383042,
        4.18612645486028,
        4.288037324605456
    ],
    "split22": [
        2.3025850929940384,
        2.4849066497879693,
        2.7725887222397705,
        2.995732273554032,
        3.091042453358273,
        3.258096538021386,
        3.4011973816621746,
        3.4657359027999193,
        3.5835189384561095,
        3.6888794541139185
    ],
    "split23": [
        2.9957322735540246,
        3.2580965380215137,
        3.4657359027996844,
        3.6888794541138616,
        3.8286413964889356,
        3.9512437185817544,
        4.094344562221791,
        4.189654742025862,
        4.276666119015394,
        4.3820266346738235
    ],
    "split24": [
        1.7917594692280547,
        2.0794415416798278,
        2.3025850929940503,
        2.4849066497879613,
        2.6390573296152886,
        2.772588722239692,
        2.8903717578960846,
        2.9957322735538914,
        3.0910424533583805,
        3.178053830348099
    ]
}