{
    "split2": [
        2.8851794256509886,
        3.176771969455193,
        3.402288113142171,
        3.586203291172941,
        3.7414984702193683,
        3.875891800363871,
        3.994347432824166,
        4.100247462512906,
        4.196000042404491,
        4.283380778106842
    ],
    "split3": [
        2.6747432976257643,
        2.9707432326985765,
        3.1988813785725303,
        3.384533907109825,
        3.541064347667924,
        3.676380789412954,
        3.7955523138431833,
        3.9020236856450032,
        3.998242786259704,
        4.086011621208641
    ],
    "split4": [
        2.639057329615276,
        2.9444389791664847,
        3.178053830347866,
        3.3672958299866083,
        3.526360524616227,
        3.6635616461297693,
        3.784189633918151,
        3.8918202981109538,
        3.988984046564563,
        4.077537443906224
    ],
    "split5": [
        2.7080502011021976,
        2.995732273554028,
        3.2188758248681526,
        3.4011973816622523,
        3.555348061489198,
        3.688879454113822,
        3.8066624897705883,
        3.9120230054283494,
        4.007333185232652,
        4.094344562221724
    ],
    "split6": [
        3.3322045101752518,
        3.6375861597262777,
        3.8712010109077966,
        4.06044301054668,
        4.21950770517642,
        4.3567088266899425,
        4.477336814478213,
        4.584967478671054,
        4.682131227125549,
        4.770684624467381
    ],
    "split7": [
        3.367295829986529,
        3.6635616461296467,
        3.8918202981106376,
        4.07753744390549,
        4.234106504597292,
        4.369447852466747,
        4.488636369732302,
        4.5951198501351005,
        4.691347882229943,
        4.779123493112104
    ],
    "split8": [
        2.8792751181660172,
        3.17224597705765,
        3.3986198673766643,
        3.583119859347755,
        3.738839178666075,
        3.8735541460356684,
        3.9922620445678767,
        4.0983652179421135,
        4.194284889157331,
        4.281805476307593
    ],
    "split12": [
        2.7080502011021994,
        2.995732273554017,
        3.218875824868237,
        3.4011973816621905,
        3.5553480614894113,
        3.6888794541139402,
        3.8066624897701904,
        3.9120230054280625,
        4.007333185232595,
        4.0943445622219246
    ],
    "split13": [
        2.6747432976257643,
        2.9707432326985765,
        3.1988813785725303,
        3.384533907109825,
        3.541064347667924,
        3.676380789412954,
        3.7955523138431833,
        3.9020236856450032,
        3.998242786259704,
        4.086011621208641
    ],
    "split14": [
        2.7360136915658964,
        3.069200400808285,
        3.275390877938306,
        3.4831360955156643,
        3.624053295529608,
        3.7750725499362,
        3.8821253907231035,
        4.000774267833142,
        4.087090542658584,
        4.184803450238147
    ],
    "split15": [
        2.926092733241118,
        3.209339615399554,
        3.4295920076130972,
        3.6370785231190887,
        3.78615777368168,
        3.9157952956907414,
        4.048487415037943,
        4.149707097835343,
        4.241581433936202,
        4.339140293150409
    ],
    "split16": [
        2.970743232698523,
        3.276623608122141,
        3.5107782222339443,
        3.676380789412895,
        3.8392813085456146,
        3.979379086249343,
        4.086011621207994,
        4.19711798486613,
        4.297124659441218,
        4.3757767994891505
    ],
    "split17": [
        3.104993201455614,
        3.3788531771487063,
        3.6194938792658777,
        3.7917932317631267,
        3.95743283638486,
        4.083202764686308,
        4.209533896877623,
        4.308579561925889,
        4.410694656155791,
        4.492388597545247
    ],
    "split18": [
        3.1499398927850364,
        3.4542384937751285,
        3.687175316811311,
        3.852646851896834,
        4.015083211563768,
        4.154722193605123,
        4.261289591268993,
        4.372177240531651,
        4.471944858793587,
        4.550558793905948
    ],
    "split19": [
        3.0289769113195852,
        3.320469094535614,
        3.5459142200060603,
        3.729776430415003,
        3.885030589810943,
        4.019391217520773,
        4.137820167375511,
        4.243698010499672,
        4.339431849925171,
        4.426796544536145
    ],
    "split20": [
        3.186488126736376,
        3.501906501610505,
        3.718252284814599,
        3.89592653943535,
        4.063674670101062,
        4.192608065855648,
        4.306778641788986,
        4.421143985124115,
        4.513016662751177,
        4.5971461275249235
    ],
    "split21": [
        2.840756730637629,
        3.185254472421903,
        3.377069656472202,
        3.5928018397358046,
        3.724360377145931,
        3.881527316582072,
        3.981658150752537,
        4.105297629383042,
        4.18612645486028,
        4.288037324605456
    ],
    "split22": [
        2.3025850929940384,
        2.4849066497879693,
        2.7725887222397705,
        2.995732273554032,
        3.091042453358273,
        3.258096538021386,
        3.4011973816621746,
        3.4657359027999193,
        3.5835189384561095,
        3.6888794541139185
    ],
    "split23": [
        2.9957322735540246,
        3.2580965380215137,
        3.4657359027996844,
        3.6888794541138616,
        3.8286413964889356,
        3.9512437185817544,
        4.094344562221791,
        4.189654742025862,
        4.276666119015394,
        4.3820266346738235
    ],
    "split24": [
        1.7917594692280547,
        2.0794415416798278,
        2.3025850929940503,
        2.4849066497879613,
        2.6390573296152886,
        2.772588722239692,
        2.8903717578960846,
        2.9957322735538914,
        3.0910424533583805,
        3.178053830348099
    ]
}